id,date,views,forwards,edit_date,item,item_name,address,amount,currency
7658,2022-12-26,287,0,,0-H323, حويلي , مزارشريف: چوك نور, فروش | 55000$  با جور آمد   ,Dollar
7653,2022-12-26,567,0,2022-12-26,1-H11, حویلی , کابل: چهلستون ," فروش | 90,000$ با جور آمد   ",Dollar
7647,2022-12-25,1094,0,2022-12-25,0-H347, حويلي , مزارشريف: پروزه S, فروش | 58000$ با جور آمد   ,Dollar
7639,2022-12-25,1266,0,2022-12-25,1-B27, حویلی , کابل: سرکوتل," فروش | 10,000$ با جور آمد   ",Dollar
7637,2022-12-24,1425,0,2022-12-25,0-H318, حويلي , مزارشريف: شهرك خالد, فروش | 65000$  با جور آمد   ,Dollar
7626,2022-12-24,1488,0,2022-12-24,0-H361, حويلي , مزارشريف: كارته اماني, فروش | 150000$  با جور آمد   ,Dollar
7615,2022-12-24,1437,1,2022-12-24,0-K189, زمين , مزارشريف: گذر گله چنار, فروش | في متر 2000 افغاني با جور آمد   ,AF
7613,2022-12-24,1536,0,2022-12-24,1-BG5, بلاک گروی , کابل: لب حر," گرو | 9,000 با جور آمد   ",AF
7607,2022-12-22,1816,1,2022-12-22,0-K194, زمين , مزارشريف: كارته ايشاني, فروش | في متر 30$  با جور آمد   ,Dollar
7605,2022-12-22,1834,0,2022-12-22,0-H310, حويلي , مزارشريف: سرك دوم تختيكم, فروش | في متر 250$  با جور آمد   ,Dollar
7603,2022-12-22,1790,0,2022-12-22,1-H65, حویلی , کابل: سلیم کاروان ," فروش | 38,000$ با جور آمد   ",Dollar
7595,2022-12-21,2001,0,2022-12-21,0-H360, حويلي , مزارشريف: شهرك خالد, فروش | 17000$  با جور آمد   ,Dollar
7588,2022-12-21,1898,0,2022-12-21,1-H74, حویلی , کابل: دارلامان ," فروش | 37,000$ با جور آمد   ",Dollar
7581,2022-12-20,1978,3,2022-12-20,0-H346, حويلي , مزارشريف: پروزه S, فروش | 50000$ با جور آمد   ,Dollar
7573,2022-12-20,2072,3,2022-12-20,0-H359, حويلي , مزارشريف: كارته ايشاني, فروش | 30000$  با جور آمد   ,Dollar
7571,2022-12-19,2190,0,2022-12-19,0-H319, حويلي , مزارشريف: شهرك خالد, فروش | 50000$  با جور آمد   ,Dollar
7561,2022-12-19,2166,1,2022-12-19,0-H325, حويلي , مزارشريف: شهرك خالد, فروش | 30000$  با جور آمد   ,Dollar
7554,2022-12-19,2052,0,2022-12-19,1-H173, حویلی , کابل: چهاراهی شهید ," فروش | 55,000$ با جور آمد   ",Dollar
7552,2022-12-18,2118,0,2022-12-18,0-H351, حويلي , مزارشريف: آريانا, فروش | 250000$ با جور آمد   ,Dollar
7547,2022-12-18,2172,3,2022-12-18,0-K198, زمين , مزارشريف: شهرك خالد, فروش | 3500$  با جور آمد   ,Dollar
7545,2022-12-18,2132,0,2022-12-18,1-H172, حویلی , کابل: ناحیه اول ," فروش | 150,000$ با جور آمد   ",Dollar
7543,2022-12-17,2200,1,2022-12-17,0-K187,, كارته مندوي, فروش | في متر 250$  با جور آمد   ,Dollar
7538,2022-12-17,2198,0,2022-12-17,0-K197, زمين , مزارشريف: گذر قلندر شاه دوم, فروش | في متر 400$  با جور آمد   ,Dollar
7536,2022-12-17,2158,0,2022-12-17,1-H71, حویلی , کابل: بلاک سر مینه ," فروش | 65,000$ با جور آمد   ",Dollar
7529,2022-12-16,2351,0,2022-12-16,1-H70, حویلی , کابل: کارته نوع , فروش | 77 لک افغانی با جور آمد   ,HT
7527,2022-12-15,2378,1,2022-12-16,0-K196, زمين , مزارشريف: گذر حيات, فروش | 45000$  با جور آمد   ,Dollar
7525,2022-12-15,2369,0,2022-12-15,0-H339, حويلي , مزارشريف: شهرك خالد, فروش | 95000$ با جور آمد   ,Dollar
7516,2022-12-15,2393,4,2022-12-15,0-H358, حويلي , مزارشريف: نزديك چوك الكوزي , فروش | 65000$  با جور آمد   ,Dollar
7514,2022-12-14,2521,0,2022-12-14,1-B32, حویلی , کابل: خیرخانه," فروش | 50,000$ با جور آمد   ",Dollar
7506,2022-12-14,2303,0,2022-12-14,0-K195, زمين , مزارشريف: چغدك, فروش | في متر 220$  با جور آمد   ,Dollar
7503,2022-12-14,2198,0,2022-12-14,0-H343, حويلي , مزارشريف: شهرك خالد, فروش | 75000$ با جور آمد   ,Dollar
7492,2022-12-14,2174,1,2022-12-14,0-HG59, حويلي , مزارشريف: 3 دوكان, گرو | 8000$  با جور آمد   ,Dollar
7490,2022-12-14,2244,0,2022-12-14,1-H45, حویلی , کابل: قلعه احمد خان ," فروش | 37,000$ با جور آمد   ",Dollar
7488,2022-12-13,2378,2,2022-12-13,0-BG26, بلاك , مزارشريف: تخنيكم, گرو | 15000$  با جور آمد   ,Dollar
7480,2022-12-13,2234,0,2022-12-13,0-H282, حويلي , مزارشريف: كارته صلح، كوچه 2, فروش | 65000$  با جور آمد   ,Dollar
7475,2022-12-13,2250,0,2022-12-13,1-B30, حویلی , کابل: گولایی جمهوریت," فروش | 25,000$ با جور آمد   ",Dollar
7467,2022-12-12,2422,1,2022-12-12,0-H355, حويلي , مزارشريف: ختم پروژه S, فروش | 20000$  با جور آمد   ,Dollar
7464,2022-12-12,2429,2,2022-12-12,0-H354, حويلي , مزارشريف: شهرك خالد, فروش | 33000$  با جور آمد   ,Dollar
7456,2022-12-12,2394,0,2022-12-12,1-B29, بلاک , کابل: خیرخانه," فروش | 44,000$ با جور آمد   ",Dollar
7450,2022-12-11,2431,1,2022-12-11,1-H69, حویلی , کابل: کارته نوع ," فروش | 95,000$ با جور آمد   ",Dollar
7444,2022-12-11,2329,1,2022-12-11,0-K194, زمين , مزارشريف: كارته ايشاني, فروش | في متر 30$  با جور آمد   ,Dollar
7442,2022-12-11,2253,1,2022-12-11,1-H68, حویلی , کابل: شاه شهید ," فروش | 65,000$ با جور آمد   ",Dollar
7436,2022-12-11,2319,1,2022-12-11,0-K193, زمين , مزارشريف: 3 دوكان، تخته شين, فروش | في متر 220$  با جور آمد   ,Dollar
7434,2022-12-10,2495,1,2022-12-10,0-K192, زمين , مزارشريف: نزديك ميدان هوايي, فروش | 6000$  با جور آمد   ,Dollar
7432,2022-12-09,2667,3,2022-12-09,0-K191, زمين , مزارشريف: گذر حيات, فروش | في متر 75$  با جور آمد   ,Dollar
7429,2022-12-08,2617,0,2022-12-08,0-H291,‎ حويلي ,‎ مزارشريف : چوك قرآن شريف، گذر حاجي ابراهيم,‎ فروش | 17000$ با جور آمد   ,Dollar
7422,2022-12-08,2622,0,2022-12-08,0-H348, حويلي , مزارشريف: چوك ذبيح الله, فروش | في متر 450$ با جور آمد   ,Dollar
7420,2022-12-08,2551,0,2022-12-08,0-H353, حويلي , مزارشريف: كارته صلح, فروش | 150000$ با جور آمد   ,Dollar
7410,2022-12-07,2731,1,2022-12-07,0-H277, حويلي , مزارشريف: شيرآباد, فروش | 12000$ با جور آمد   ,Dollar
7403,2022-12-07,2665,0,2022-12-07,1-K15, زمین , کابل: ناحیه ۱۷, فروش | 8 لک افغانی با جور آمد   ,HT
7401,2022-12-06,2808,3,2022-12-07,0-H352, حويلي , مزارشريف: شهرك خالد, فروش | 29000$ با جور آمد   ,Dollar
7394,2022-12-06,2586,2,2022-12-06,0-H340, حويلي , مزارشريف: كارته سينا, فروش | 150000$ با جور آمد   ,Dollar
7381,2022-12-06,2680,0,2022-12-06,1-H67, حویلی , کابل: شهرک حسین زی مینه," فروش | 25,000$ با جور آمد   ",Dollar
7368,2022-12-05,2679,0,2022-12-05,0-K164, زمين , مزارشريف: نصرت آباد, فروش | 6500$ با جور آمد   ,Dollar
7363,2022-12-05,2590,0,2022-12-05,1-B28, حویلی , کابل: شهرک صدراعظم," فروش | 250,000$ با جور آمد   ",Dollar
7357,2022-12-04,2652,3,2022-12-05,0-K187, زمين, مزارشريف: بابه يادگار، گذشته از باغ استاد عطا, فروش | في متر 40$ با جور آمد   ,Dollar
7352,2022-12-04,2617,0,2022-12-04,0-H301, حويلي , مزارشريف: گذر چتگري, فروش | 100000$ با جور آمد   ,Dollar
7342,2022-12-04,2586,0,2022-12-05,1-B27, حویلی , کابل: سرکوتل," فروش | 10,000$ با جور آمد   ",Dollar
7340,2022-12-03,2697,0,2022-12-03,0-H351, حويلي , مزارشريف: آريانا, فروش | 250000$ با جور آمد   ,Dollar
7334,2022-12-03,2747,2,2022-12-03,0-H350, حويلي , مزارشريف: كارته صلح, فروش | 220000$ با جور آمد   ,Dollar
7321,2022-12-03,2588,0,2022-12-03,1-H9, حویلی , کابل: دارلامان," فروش | 75,000$ با جور آمد   ",Dollar
7313,2022-12-01,2850,0,2022-12-01,0-H344, حويلي , مزارشريف: شهرك خالد, فروش | 22000$ با جور آمد   ,Dollar
7306,2022-12-01,2576,1,2022-12-01,0-H349, حويلي , مزارشريف: كارته آريانا, فروش | 80000$ با جور آمد   ,Dollar
7303,2022-11-30,2673,0,2022-11-30,1-H66, حویلی , کابل: 500 فامیلی," فروش | 100,000$ با جور آمد   ",Dollar
7296,2022-11-30,2495,1,2022-11-30,0-H347, حويلي , مزارشريف: پروزه S, فروش | 58000$ با جور آمد   ,Dollar
7286,2022-11-30,2475,0,2022-11-30,0-H346, حويلي , مزارشريف: پروزه S, فروش | 55000$ با جور آمد   ,Dollar
7277,2022-11-30,2535,0,2022-11-30,1-H65, حویلی , کابل: دارلامان," فروش | 38,000$ با جور آمد   ",Dollar
7271,2022-11-29,2546,2,2022-11-29,0-K190, زمين , مزارشريف: قلعه غازي ها, فروش | في متر 60$ با جور آمد   ,Dollar
7268,2022-11-29,2494,1,2022-11-29,0-H345, حويلي , مزارشريف: شهرك خالد, فروش | 85000$ با جور آمد   ,Dollar
7257,2022-11-29,2391,0,2022-11-29,1-H10, حویلی , کابل: دارلامان," فروش | 34,000$ با جور آمد   ",Dollar
7251,2022-11-29,2377,0,2022-11-29,0-K189, زمين , مزارشريف: گذر گله چنار, فروش | في متر 2000 افغاني با جور آمد   ,AF
7246,2022-11-28,2387,0,2022-11-28,1-K24, زمین , کابل: 500 فامیلی," فروش | 45,000$ با جور آمد   ",Dollar
7244,2022-11-28,2337,0,2022-11-28,0-H338, حويلي , مزارشريف: بابه قمبر، ناحيه 2, فروش | 70000$ با جور آمد   ,Dollar
7234,2022-11-28,2354,1,2022-11-28,0-H343, حويلي , مزارشريف: شهرك خالد, فروش | 75000$ با جور آمد   ,Dollar
7223,2022-11-27,2447,1,2022-11-27,1-H64, حویلی , کابل: عقب هوتل پروان," فروش | 11,000$ با جور آمد   ",Dollar
7221,2022-11-27,2368,0,2022-11-27,0-H342, حويلي , مزارشريف: شهرك خالد, فروش | 25000$ با جور آمد   ,Dollar
7213,2022-11-26,2486,0,2022-11-26,0-K188, زمين , مزارشريف: نبش سرك بلخ, فروش | في متر 30$ با جور آمد   ,Dollar
7205,2022-11-26,2362,0,2022-11-26,1-B26, آپارتمان , کابل: خوشحال خان , فروش | 70000$ با جور آمد   ,Dollar
7198,2022-11-26,2320,1,2022-11-26,0-H198, حويلي , مزارشريف: آريانا، ام البلاد, فروش | 135000$ با جور آمد   ,Dollar
7188,2022-11-26,2414,0,2022-11-26,1-H38, حویلی , کابل: سه راهی علا و الدین ," فروش | 85,000$ با جور آمد   ",Dollar
7182,2022-11-25,2533,0,2022-11-25,1-H63, حویلی , کابل: سری کوتل, فروش | 14 لک افغانی با جور آمد   ,HT
7176,2022-11-24,2512,1,2022-11-24,0-H341, حويلي , مزارشريف: نوبهار، كوچه اول, فروش | 80000$ با جور آمد   ,Dollar
7169,2022-11-24,2450,1,2022-11-24,0-H336, حويلي , مزارشريف: شهرك خالد, فروش | 45000$ با جور آمد   ,Dollar
7161,2022-11-24,2447,1,2022-11-24,1-H62, حویلی , کابل: سری کوتل, فروش | 13 لک افغانی با جور آمد   ,HT
7155,2022-11-23,2465,1,2022-11-23,0-B65, بلاك , مزارشريف: شهرك خالد, فروش | 100000$ با جور آمد   ,Dollar
7146,2022-11-23,2422,1,2022-11-23,0-H339, حويلي , مزارشريف: شهرك خالد, فروش | 95000$ با جور آمد   ,Dollar
7136,2022-11-23,2373,0,2022-11-23,1-61, حویلی , کابل: خوشحال خان," فروش | 220,000$ با جور آمد   ",Dollar
7133,2022-11-22,2300,0,2022-11-22,1-B3, زمین , کابل: سرک بوستان," فروش | 25,000$ با جور آمد   ",Dollar
7127,2022-11-22,2274,0,2022-11-22,0-H295, حويلي , مزارشريف : آريانا، كوچه صفري, فروش | 95000$ با جور آمد   ,Dollar
7121,2022-11-22,2326,0,2022-11-22,0-H337, حويلي , مزارشريف: كارته صلح, فروش | 200000$ با جور آمد   ,Dollar
7119,2022-11-21,2414,1,2022-11-21,0-H326, حويلي , مزارشريف: شهرك خالد, فروش | 36000$ با جور آمد   ,Dollar
7110,2022-11-21,2283,0,2022-11-22,1-K22, زمین , کابل: چهار آسیاب, فروش | 7 لک افغانی با جور آمد   ,HT
7108,2022-11-21,2330,1,2022-11-21,0-K187, زمين , مزارشريف: كارته مندوي، كوچه اول, فروش | في متر 250$ با جور آمد   ,Dollar
7103,2022-11-21,2369,2,2022-11-21,1-H42, حویلی , کابل: سرک ۱ کارته نوع," فروش | 80,000$ با جور آمد   ",Dollar
7095,2022-11-20,2334,0,2022-11-20,1-H60, حویلی , کابل: کلکان, فروش | 8 لک افغانی با جور آمد   ,HT
7093,2022-11-20,2348,1,,0-H336, حويلي , مزارشريف: شهرك خالد، قسمت اول, فروش | 45000$ با جور آمد   ,Dollar
7085,2022-11-20,2278,1,2022-11-20,0-K186, زمين , مزارشريف: چغدك، مقابل مسجد, فروش | في متر 50$ با جور آمد   ,Dollar
7080,2022-11-20,2331,0,2022-11-20,1-H47, حویلی , کابل: کوته سنگی," فروش | 26,000$ با جور آمد   ",Dollar
7078,2022-11-19,2334,1,2022-11-19,0-H335, حويلي , مزارشريف: شهرك خالد, فروش | 18000$ با جور آمد   ,Dollar
7069,2022-11-19,2228,0,2022-11-19,0-K162, زمين , مزارشريف: دشت شور، كوچه 24, فروش | 7000$ با جور آمد   ,Dollar
7064,2022-11-19,2152,3,2022-11-19,0-H110, حويلي , مزارشريف: كارته وليعصر، كوچه 3, فروش | 15000$ با جور آمد   ,Dollar
7057,2022-11-19,2181,0,2022-11-19,1-H59, حویلی , کابل: چهاراهی مارکیت ," فروش | 150,000$ با جور آمد   ",Dollar
7054,2022-11-18,2173,0,2022-11-18,1-BG4, آپارتمان , کابل: قصبه، عقب وزارت داخله, گرو | 11 لك افغاني با جور آمد   ,HT
7045,2022-11-18,2233,4,2022-11-18,0-H334, حويلي , مزارشريف: شهرك خالد، قسمت سوم, فروش | 20000$ با جور آمد   ,Dollar
7034,2022-11-17,2435,2,2022-11-17,0-K172, زمين , مزارشريف: دشت شور، ختم قير, فروش | 7 لك افغاني با جور آمد   ,HT
7032,2022-11-17,2431,1,2022-11-17,0-K185, زمين , مزارشريف: كمربند كهنه، جوار باغ محيط زيست, فروش | في متر 28$ با جور آمد   ,Dollar
7030,2022-11-16,2444,3,2022-11-16,0-HG48, حويلي , مزارشريف: شهرك خالد، قسمت دوم, گرو | 8000$ بدون جور آمد   ,Dollar
7022,2022-11-16,2391,0,2022-11-16,1-H1, حویلی , کابل: چهلستون ," فروش | 85,000$ با جور آمد   ",Dollar
7014,2022-11-16,2251,2,2022-11-16,0-H333, حويلي , مزارشريف: چتگري چهارم، ايستگاه خانقا, فروش | 17000$ با جور آمد   ,Dollar
7007,2022-11-16,2213,0,2022-11-16,0-K181, حويلي , مزارشريف: دشت شور، كوچه 2, فروش | 38000$ با جور آمد   ,Dollar
7004,2022-11-16,2118,0,2022-11-16,1-K15, زمین , کابل: ناحیه ۱۷, فروش | 8 لک افغانی با جور آمد   ,HT
7002,2022-11-16,2061,2,2022-11-16,0-RH4, حويلي , مزارشريف: مقابل محكمه شهري, كرايه | 1200$ با جور آمد   ,Dollar
6990,2022-11-15,2463,2,2022-11-15,0-B59, بلاك , مزارشريف: مقابل ليسه عالي باختر, فروش | 40000$ با جور آمد   ,Dollar
6981,2022-11-15,2287,2,2022-11-15,0-H332, حويلي ," مزارشريف: شهرك خالد, قسمت اول", فروش | 35000$ با جور آمد   ,Dollar
6962,2022-11-15,2229,0,2022-11-15,1-K10, زمین , کابل: بند قرغه," فروش | 60,000$ هزار با جور آمد   ",Dollar
6960,2022-11-14,2261,0,2022-11-14,0-K164, حويلي , مزارشريف: نصرت آباد، گذشته از چوك ساعت, فروش | 6500$ با جور آمد   ,Dollar
6956,2022-11-14,2176,0,2022-11-14,0-H277, حويلي , مزارشريف: شيرآباد، نوآباد افغانيه, فروش | 12000$ با جور آمد   ,Dollar
6947,2022-11-14,2127,0,2022-11-14,0-K187, زمين, مزارشريف: بابه يادگار، گذشته از باغ استاد عطا, فروش | في متر 40$ با جور آمد   ,Dollar
6941,2022-11-14,2101,0,2022-11-14,1-H34, حویلی , کابل: ناحیه 17 ," فروش | 85,000$ با جور آمد   ",Dollar
6933,2022-11-13,2210,0,2022-11-13,0-H331, حويلي , مزارشريف: شهرك خالد، قسمت 1, فروش | 120000$ با جور آمد   ,Dollar
6925,2022-11-13,2177,0,2022-11-13,0-K181, حويلي , مزارشريف: دشت شور، كوچه 2, فروش | 40000$ با جور آمد   ,Dollar
6923,2022-11-13,2130,2,2022-11-14,0-K184, زمين , مزارشريف: چغدك, فروش | 28000$ با جور آمد   ,Dollar
6921,2022-11-13,2082,0,2022-11-13,1-H38, حویلی , کابل: سه راهی علا و الدین ," فروش | 85,000$ با جور آمد   ",Dollar
6915,2022-11-12,2150,3,2022-11-13,0-H276, حويلي ," مزارشريف: انصاري هشتم, كوچه 5", فروش | 23000$ با جور آمد   ,Dollar
6903,2022-11-12,2103,1,2022-11-12,0-K183, زمين ," مزارشريف: انصاري 6, ناحيه 7", فروش | 14500$ با جور آمد   ,Dollar
6899,2022-11-12,2188,0,2022-11-12,1-H39, حویلی , کابل: دارلامان ," فروش | 30,000$ با جور آمد   ",Dollar
6882,2022-11-11,2191,2,2022-11-11,0-B60, بلاك, مزارشريف: چوك فردوسي, فروش | 45000$ با جور آمد   ,Dollar
6870,2022-11-10,2251,2,2022-11-10,0-H328, حويلي , مزارشريف: شهرك خالد، قسمت 4, فروش | 12000$ با جور آمد   ,Dollar
6864,2022-11-10,2286,2,2022-11-10,0-H329, حويلي , مزارشريف: شهرك خالد، قسمت اول, فروش | 70000$ با جور آمد   ,Dollar
6855,2022-11-10,2288,0,2022-11-10,1-B4, بلاک , کابل: خیرخانه ," فروش | 35,000$ با جور آمد   ",Dollar
6848,2022-11-09,2255,1,2022-11-09,0-K181, حويلي , مزارشريف: دشت شور، كوچه 2, فروش | 40000$ با جور آمد   ,Dollar
6846,2022-11-09,2245,1,2022-11-09,0-B64, بلاك , مزارشريف: شهرك خالد، قسمت اول, فروش | 22000$ با جور آمد   ,Dollar
6837,2022-11-09,2297,3,2022-11-09,1-B1, بلاک , کابل: سرک سلیم کاروان ," فروش | 25,000$ با جور آمد   ",Dollar
6831,2022-11-08,2387,2,2022-11-08,0-H289, حويلي , مزارشريف: كارته صلح، كوچه دوم, فروش | 90000$ با جور آمد   ,Dollar
6829,2022-11-07,2470,0,2022-11-07,0-H324, حويلي , مزارشريف: شهرك خالد, فروش | 15000$ با جور آمد   ,Dollar
6822,2022-11-07,2228,0,2022-11-10,1-H57, حویلی , کابل: قلعه نجارا ," فروش | 40,000$ با جور آمد   ",Dollar
6820,2022-11-07,2227,0,2022-11-07,0-K164, زمين , مزارشريف: نصرت آباد، لب سرك, فروش | 6500$ با جور آمد   ,Dollar
6815,2022-11-07,2244,1,2022-11-07,0-K181, زمين , مزارشريف: دشت شور، كوچه 2, فروش | 40000$ با جور آمد   ,Dollar
6813,2022-11-07,2222,1,2022-11-07,0-H325, حويلي , مزارشريف: شهرك خالد، قسمت پنجم, فروش | 29000$ با جور آمد   ,Dollar
6805,2022-11-07,2199,1,2022-11-07,1-H31, حویلی , کابل: کمپنی ," فروش | 16,000$ با جور آمد   ",Dollar
6803,2022-11-06,2271,1,2022-11-06,0-H322, حويلي , مزارشريف: شهرك خالد، قسمت سوم, فروش | 19000$ با جور آمد   ,Dollar
6798,2022-11-06,2351,2,2022-11-06,0-B63, بلاك , مزارشريف: كوچه دوستم، سرك اول اتفاق, فروش | 35000$ با جور آمد   ,Dollar
6791,2022-11-06,2200,2,2022-11-06,1-K8, زمین , کابل: شکر دره," فروش | 57,000$ هزار با جور آمد   ",Dollar
6789,2022-11-05,2213,0,2022-11-05,1-H27, حویلی , کابل: ناحیه 17 ," فروش | 80,000$ با جور آمد   ",Dollar
6781,2022-11-05,2186,0,2022-11-05,0-H310, حويلي , مزارشريف: سرك دوم تخنيكم، جوار پوهنتون بلخ, فروش | 120000$ با جور آمد   ,Dollar
6776,2022-11-05,2119,1,2022-11-05,0-H300, حويلي , مزارشريف: سيد آباد، كوچه دوم, فروش | 75000$ با جور آمد   ,Dollar
6771,2022-11-05,2229,2,2022-11-05,0-H323, حويلي , مزارشريف: چوك نور، حوزه 5, فروش | 58500$ با جور آمد   ,Dollar
6766,2022-11-05,2306,1,2022-11-05,1-B25, بلاک , کابل: سرک بوستان ," فروش | 15,000$ با جور آمد   ",Dollar
6756,2022-11-03,2510,0,2022-11-03,0-K179, زمين , مزارشريف: زراعت، قلعه حجري، سرك دوم, فروش | في متر 50$ با جور آمد   ,Dollar
6751,2022-11-03,2356,0,2022-11-03,0-B57, بلاك , مزارشريف: شهرك خالد, فروش | 65000$ با جور آمد   ,Dollar
6740,2022-11-03,2244,1,2022-11-03,0-H321, حويلي, مزارشريف: شهرك خالد, فروش | 18000$ با جور آمد   ,Dollar
6733,2022-11-03,2208,1,2022-11-03,1-K6, زمین , کابل: ارزان قیمت," فروش | 950,000 هزار با جور آمد   ",AF
6730,2022-11-02,2276,0,2022-11-02,1-H29, حویلی , کابل: عقب گارد ," فروش | 50,000$ با جور آمد   ",Dollar
6723,2022-11-02,2357,3,2022-11-02,0-H319, حويلي, مزارشريف: شهرك خالد, فروش | 50000$ با جور آمد   ,Dollar
6711,2022-11-02,2261,2,2022-11-02,0-K187, زمين, مزارشريف: بابه يادگار، گذشته از باغ استاد عطا, فروش | في متر 40$ با جور آمد   ,Dollar
6706,2022-11-02,2260,0,2022-11-02,1-H56, حویلی , کابل: مکتب امینی فدایی ," فروش | 55,000$ با جور آمد   ",Dollar
6698,2022-11-01,2218,1,2022-11-01,0-H317, حويلي, مزارشريف: شهرك خالد، قسمت دوم, فروش | 35000$ با جور آمد   ,Dollar
6683,2022-11-01,2062,0,2022-11-01,1-K5, زمین , کابل: ارزان قیمت , فروش | 18 لک اف با جور آمد   ,HT
6681,2022-11-01,2131,2,2022-11-01,0-H299,حويلي,"مزارشريف: شهرك خالد, چوك ساعت",فروش | 42000$ با جور آمد   ,Dollar
6670,2022-11-01,2171,0,2022-11-02,1-H26,, کابل: کمر بند قلعه بیک مراد ," فروش | 45,000$ با جور آمد   ",Dollar
6668,2022-10-31,2250,0,2022-10-31,1-H25,, کابل: مکرویان اول ," فروش | 20,000$ با جور آمد   ",Dollar
6662,2022-10-31,2118,1,2022-10-31,0-H318,, مزارشريف: شهرك خالد, فروش | 70000$ با جور آمد   ,Dollar
6649,2022-10-31,2178,1,2022-11-02,0-K155,, مزارشريف: بابه يادگار، قلعه خان, فروش | فی متر 20$ با جور آمد   ,Dollar
6642,2022-10-31,2205,1,2022-10-31,1-H20,, کابل: دارلامان," فروش | 55,000$ با جور آمد   ",Dollar
6631,2022-10-30,2118,0,2022-11-02,1-H55,, کابل: مکرویان اول , فروش | 14 لک اف با جور آمد   ,HT
6622,2022-10-30,2092,1,2022-10-30,0-K177,, مزارشريف: شرشره، سرك عمومي, فروش | في متر 1500$ با جور آمد   ,Dollar
6620,2022-10-30,2122,1,2022-10-30,0-BG25,بلاك,مزارشريف: شهرك خالد,گرو | 10000$ با جور آمد,Dollar
6610,2022-10-30,2028,0,2022-11-02,0-H314,, مزارشريف: شهرك خالد, فروش | 60000$ با جور آمد   ,Dollar
6598,2022-10-30,1978,0,2022-10-30,0-B60,, مزارشريف: چوك فردوسي, فروش | 45000$ با جور آمد   ,Dollar
6587,2022-10-30,2101,0,2022-10-30,1-H54,, کابل: 500 فامیلی ," فروش | 165,000$ با جور آمد   ",Dollar
6577,2022-10-29,2175,0,2022-10-29,0-H315,, مزارشريف: دشت شور، كوچه 7, فروش | 39000$ با جور آمد   ,Dollar
6567,2022-10-29,2109,2,2022-10-29,1-B24,, کابل: سرکوتل ," فروش | 20,000$ با جور آمد   ",Dollar
6558,2022-10-29,2048,2,2022-10-29,0-H287,, مزارشريف: كارته صلح، مقابل مسجد جامع, فروش | 90000$ با جور آمد   ,Dollar
6556,2022-10-29,2174,0,2022-10-29,1-H53,, کابل: چهلستون , فروش | 45 لک اف با جور آمد   ,HT
6548,2022-10-28,2327,0,2022-10-28,0-H313,, مزارشريف: پروژه اس," فروش | 110,000$ با جور آمد   ",Dollar
6546,2022-10-27,2366,2,2022-10-27,0-B61,, مزارشريف: چوك قرآن شريف, فروش | 80000$ با جور آمد   ,Dollar
6538,2022-10-27,2238,0,2022-10-29,1-H52,, کابل: شهرک رفا, فروش | 13 لک اف با جور آمد   ,HT
6532,2022-10-27,2228,4,2022-10-27,0-B59,, مزارشريف: مقابل ليسه عالي باختر, فروش | 40000$ با جور آمد   ,Dollar
6522,2022-10-26,2376,0,2022-10-26,0-K174,, مزارشريف: شهرک خالد , فروش | 8500$ با جور آمد   ,Dollar
6520,2022-10-26,2279,1,2022-10-26,0-K175,, مزارشريف: شهرک خالد، قسمت دوم, فروش | 25000$ با جور آمد   ,Dollar
6517,2022-10-26,2223,1,,1-H50,, کابل: 500 فاملی," فروش | 235,000$ با جور آمد   ",Dollar
6507,2022-10-26,2191,0,,0-B58,, مزارشريف: شهرک خالد, فروش | 140000$ با جور آمد   ,Dollar
6496,2022-10-26,2224,1,2022-10-26,0-H279,, مزارشريف: دشت شور، كوچه اول, فروش | 75000$ با جور آمد   ,Dollar
6491,2022-10-25,2211,0,2022-10-25,1-H21,, کابل: چهلستون," فروش | 80,000$ با جور آمد   ",Dollar
6489,2022-10-25,2169,0,2022-10-25,0-K164,, مزارشريف: نصرت آباد، لب سرك, فروش | 7000$ با جور آمد   ,Dollar
6485,2022-10-25,2177,2,2022-10-25,0-H311,, مزارشريف: شهرك خالد, فروش | 55000$ با جور آمد   ,Dollar
6471,2022-10-25,2008,0,2022-10-25,1-H49,, کابل: پنج صد فامیلی," فروش | 80,000$ با جور آمد   ",Dollar
6461,2022-10-25,2002,0,2022-10-25,0-BG24,, مزارشريف: سرك عمومي مكتب استقلال, گرو | 20000$ با جور آمد   ,Dollar
6459,2022-10-25,2125,2,2022-10-25,0-K172, حويلي , مزارشريف: دشت شور، ختم قير, فروش | هفت لك افغاني با جور آمد   ,HT
6457,2022-10-24,2352,3,2022-10-24,0-H310,, مزارشريف: سرك دوم تخنيكم, فروش | في متر 220$ با جور آمد   ,Dollar
6450,2022-10-24,2137,0,2022-10-24,0-K161,, مزارشريف: عقب سراي مدير قيوم, فروش | في متر 900$ با جور آمد   ,Dollar
6448,2022-10-24,2124,2,2022-10-24,0-K170,, مزارشريف: مقابل پوهنتون جديد بلخ, فروش | في متر 25$ با جور آمد   ,Dollar
6446,2022-10-24,2217,0,2022-10-24,1-H16,, کابل: دشت برچی," فروش | 50,000$ با جور آمد   ",Dollar
6436,2022-10-23,2293,3,2022-10-23,0-K169,, مزارشريف: شهرك آزادي، قسمت اول, فروش | 3000$ با جور آمد   ,Dollar
6434,2022-10-23,2191,1,2022-10-23,1-H20,, کابل: دارلامان," فروش | 55,000$ با جور آمد   ",Dollar
6419,2022-10-22,2214,2,2022-10-22,0-K160,, مزارشريف: شهر نو، قسمت سوم, فروش | 7000$ با جور آمد   ,Dollar
6416,2022-10-22,2106,0,2022-10-23,1-H13,, کابل: بگرامی," فروش | 90,000$ با جور آمد   ",Dollar
6406,2022-10-22,2148,0,2022-10-22,0-K162,, مزارشريف: دشت شور، كوچه 24, فروش | 7000$ با جور آمد   ,Dollar
6401,2022-10-22,2149,1,2022-10-22,0-H276,, مزارشريف: انصاري هشتم، كوچه 5, فروش | 27000$ با جور آمد   ,Dollar
6375,2022-10-21,2375,0,2022-10-21,1-H47,, کابل: کوته سنگی," فروش | 26,000$ با جور آمد   ",Dollar
6369,2022-10-20,2389,0,2022-10-20,0-DR1, حويلي , مزارشريف: معدن نمك، مقابل آمريت بريكت, كرايي | 10000 افغاني با جور آمد   ,AF
6355,2022-10-20,2424,1,2022-10-20,0-K167,, مزارشريف: شهرك خالد, فروش | 14000$ با جور آمد   ,Dollar
6353,2022-10-19,2552,6,2022-10-19,0-H309,, مزارشريف: شهرك خالد، قسمت اول, فروش | 55000$ با جور آمد   ,Dollar
6339,2022-10-19,2366,0,2022-10-19,0-H308,,"‎ مزارشريف : خراسان 4, كوچه 2",‎ فروش | 40000$ با جور آمد   ,Dollar
6329,2022-10-19,2390,0,2022-10-19,1-K21,, کابل: دارلامان ," فروش | 48,000$ با جور آمد   ",Dollar
6323,2022-10-18,2511,0,2022-10-18,1-B23,, کابل: تایمنی سابقه," فروش | 73,000$ با جور آمد   ",Dollar
6314,2022-10-18,2303,1,2022-10-18,0-H291,,‎ مزارشريف : چوك قرآن شريف، گذر حاجي ابراهيم,‎ فروش | 19500$ با جور آمد   ,Dollar
6304,2022-10-18,2251,1,2022-10-18,0-H307,, مزارشريف: گذر انصاري ها، كوچه كيك مزه, فروش | 58000$ با جور آمد   ,Dollar
6302,2022-10-18,2263,1,2022-10-18,1-H46,, کابل: شور بازار," فروش | 19,000$ با جور آمد   ",Dollar
6294,2022-10-17,2226,1,2022-10-20,0-H306,, مزارشريف: شهرك خالد, فروش | 65000$ با جور آمد   ,Dollar
6278,2022-10-17,2031,0,2022-10-17,1-K4,, کابل:ارزان قیمت ," فروش | 52,000$ با جور آمد   ",Dollar
6275,2022-10-17,1988,2,2022-10-17,0-H276,, مزارشريف: انصاري هشتم، كوچه 5, فروش | 27000$ با جور آمد   ,Dollar
6262,2022-10-17,2154,4,2022-10-17,0-H305,, مزارشريف: كوچه شرشره, فروش | 130000$ با جور آمد   ,Dollar
6259,2022-10-16,2160,1,2022-11-07,0-K158,, مزارشريف: شهرك بهارستان، مقابل هده كابل, فروش | 4500$ با جور آمد   ,Dollar
6256,2022-10-16,2152,0,2022-10-16,0-K164,, مزارشريف: نصرت آباد، لب سرك, فروش | 7000$ با جور آمد   ,Dollar
6251,2022-10-16,2109,0,2022-10-16,1-H45,, کابل: قلعه احمد خان," فروش | 37,000$ با جور آمد   ",Dollar
6245,2022-10-15,2226,0,2022-10-15,1-K3,, کابل: ناحیه‌4 ," فروش | 250,000$با جور آمد   ",Dollar
6243,2022-10-15,2197,1,2022-10-15,0-H292,, مزارشريف: شهرك خالد، قسمت دوم, فروش | 22000$ با جور آمد   ,Dollar
6236,2022-10-15,2090,1,2022-10-15,1-A4,," کابل: دارلمان, كوچه كفايت"," فروش | 27000$  الی 48,000$   ",Dollar
6220,2022-10-14,2156,1,2022-12-10,0-H290,, مزارشريف: كارته اماني، كوچه 7, فروش | 50000$ با جور آمد   ,Dollar
6210,2022-10-14,2152,0,2022-10-14,1-H12, حويلي , کابل: ارزان قیمت," فروش | 180,000 با جور آمد   ",AF
6203,2022-10-13,2299,1,2022-10-13,0-H297,, مزارشريف: شهرك خالد، قسمت 5, فروش | 33000$ با جور آمد   ,Dollar
6198,2022-10-13,2236,0,2022-10-13,0-H298, حويلي , مزارشريف: علي چوپان، چهارپايه, فروش | 13 لك افغاني با جور آمد   ,HT
6181,2022-10-12,2368,0,2022-10-12,1-H10,, کابل: دارلامان," فروش | 34,000$ با جور آمد   ",Dollar
6175,2022-10-12,2227,1,2022-10-12,0-H288,, مزارشريف: عقب مخابرات، مقابل مكتب مختار, فروش | في متر 900$ با جور آمد   ,Dollar
6172,2022-10-12,2240,3,2022-10-12,0-H282,, مزارشريف: كارته صلح، كوچه دوم, فروش | 65000$ با جور آمد   ,Dollar
6162,2022-10-12,2212,1,2022-10-12,1-B1,, کابل: چهاراهی ترافیک ," فروش | 40,000$ با جور آمد   ",Dollar
6156,2022-10-11,2287,4,2022-10-11,0-H276,, مزارشريف: انصاري هشتم، كوچه 5, فروش | 27000$ با جور آمد   ,Dollar
6144,2022-10-11,2093,0,2022-10-11,0-RH2,, مزارشريف: جوار پوهنتون مولانا، سرك حلقوي, كرايه | 1800$ با جور آمد   ,Dollar
6141,2022-10-11,2071,0,2022-10-11,0-B57,, مزارشريف : شهرك خالد، قسمت 5, فروش | 65000$ با جور آمد   ,Dollar
6128,2022-10-11,1923,0,2022-10-11,1-H8,, کابل: دارلامان," فروش | 75,000$ با جور آمد   ",Dollar
6122,2022-10-11,1875,1,2022-10-12,0-B57,, مزارشريف : شهرك خالد، قسمت 5, فروش | 65000$ با جور آمد   ,Dollar
6109,2022-10-10,2167,0,2022-10-10,1-K1,, کابل: قلعه نجارا, فروش | 57 لک افغانی با جور آمد   ,HT
6107,2022-10-10,2180,0,2022-10-10,0-D9, دكان , مزارشريف : شورتاكزار، جوار مهمانخانه سمير وليد, فروش | 70000$$ با جور آمد   ,Dollar
6099,2022-10-10,2188,1,2022-10-10,0-K155,, مزارشريف : قلعه خان، بابه يادگار, فروش | في متر 20$ با جور آمد   ,Dollar
6094,2022-10-10,2149,1,2022-10-10,1-H9,, کابل: دارلامان," فروش | 75,000$ با جور آمد   ",Dollar
6087,2022-10-09,2390,2,2022-10-09,0-HG48,, مزارشريف : شهرك خالد، قسمت دوم, گرو | 8000$ بدون جور آمد   ,Dollar
6077,2022-10-09,2302,2,2022-10-09,0-H301,, مزارشريف : گذر چتگري، سرك سوم، ناحيه اول, فروش | 90000$ با جور آمد   ,Dollar
6066,2022-10-09,2227,1,2022-10-09,0-H291,, مزارشريف : چوك قرآن شريف، گذر حاجي ابراهيم, فروش | 19500$ با جور آمد   ,Dollar
6054,2022-10-08,2398,1,2022-10-08,0-RB1,, مزارشريف : چوك بركت، بلاك هاي نوايي, كرايه | 200$ ماهوار با جور آمد   ,Dollar
6046,2022-10-08,2365,1,2022-10-08,0-H287,, مزارشريف : كارته صلح، مقابل مسجد جامع, فروش | 90000$ با جور آمد   ,Dollar
6044,2022-10-07,2389,0,2022-10-07,0-H240,, مزارشريف : شهرك خالد، قسمت اول, فروش | 95000$ با جور آمد   ,Dollar
6031,2022-10-07,2247,0,2022-10-07,1-B23,, کابل: تایمنی," فروش | 95,000$ با جور آمد   ",Dollar
6025,2022-10-06,2353,0,2022-10-06,0-H280,, مزارشريف : دشت شور، كوچه 6, فروش | في متر 140$ با جور آمد   ,Dollar
6023,2022-10-06,2421,1,2022-10-06,0-H300,, مزارشريف : سيدآباد، كوچه دوم سنگ كلان, فروش | 75000$ با جور آمد   ,Dollar
6017,2022-10-05,2629,4,2022-10-05,0-H299, حويلي , مزارشريف : شهرك خالد، چوك ساعت, فروش | 42000$ با جور آمد   ,Dollar
6005,2022-10-05,2456,2,2022-10-05,0-H151,, مزارشريف : خراسان، سرك بلاك هاي آشيانه, فروش | 58000$ با جور آمد   ,Dollar
5997,2022-10-04,2589,3,2022-10-04,0-K166,, مزارشريف : دروازه شاديان، كوچه لك لك خانه, فروش | في متر 150$ با جور آمد   ,Dollar
5994,2022-10-04,2484,1,2022-10-04,0-H295,, مزارشريف : آريانا، كوچه صفري, فروش | 95000$ با جور آمد   ,Dollar
5982,2022-10-04,2370,1,2022-10-04,1-H7,," کابل: ناحیه 15,"," فروش | 75,000$ با جور آمد   ",Dollar
5979,2022-10-03,2385,1,2022-10-03,0-H298,, مزارشريف : علي چوپان، چهارپايه, فروش | 15000$ با جور آمد   ,Dollar
5972,2022-10-03,2383,0,2022-10-03,0-RS1,, مزارشريف : عقب گمرك، عقب هوتل ماركوپلو, كرايه | 220$ ماهوار با جور آمد   ,Dollar
5966,2022-10-03,2427,3,2022-10-03,0-A2,, مزارشريف : كارته مندوي، عقب شفاخانه ملكي, فروش | 250000$ با جور آمد   ,Dollar
5964,2022-10-02,2429,1,2022-10-03,0-BG22,, مزارشريف : دروازه شاديان، مقابل استديوم, گرو | 10000$ با جور آمد   ,Dollar
5955,2022-10-02,2330,0,2022-10-02,0-D9, دكان , مزارشريف : شورتاكزار، جوار مهمانخانه سميروليد, فروش | 70000$ با جور آمد   ,Dollar
5950,2022-10-02,2295,0,2022-10-02,0-K163,," مزارشريف : خراسان 4, كوچه اول", فروش | في متر 100$ با جور آمد   ,Dollar
5945,2022-10-02,2326,0,2022-10-02,0-RS2, حويلي , مزارشريف : چوك محب، جوار مسجد ميرزا هاشم, كرايه | 80000 افغاني ماهوار  با جور آمد   ,AF
5934,2022-10-01,2428,0,2022-10-01,0-K164,, مزارشريف : نصرت آباد، لب سرك, فروش | 7000$ با جور آمد   ,Dollar
5931,2022-10-01,2402,0,2022-10-01,0-RS1,, مزارشريف : عقب گمرك، عقب هوتل ماركوپلو, كرايه | 300$ ماهوار با جور آمد   ,Dollar
5922,2022-09-29,2659,0,2022-10-01,1-H23, حويلي , کابل: چهار قلعه وزير اباد, فروش | 50 لك افغاني با جور آمد   ,HT
5920,2022-09-29,2495,1,2022-10-01,0-H297,, مزارشريف : شهرک خالد ،قسمت 5، چوك ساعت, فروش | 33000$ با جور آمد   ,Dollar
5913,2022-09-28,2629,4,2022-09-28,0-K165,, مزارشريف : گذر حيات، كوچه مكتب شيخ شهاب, فروش | في متر 65$ با جور آمد   ,Dollar
5906,2022-09-28,2352,2,2022-10-01,0-H276,, مزارشريف : انصاري هشتم، كوچه 5, فروش | 27000$ با جور آمد   ,Dollar
5892,2022-09-27,2489,1,2022-09-27,0-B51,, مزارشريف : سرك اول تخنيكم, فروش | 42000$ با جور آمد   ,Dollar
5884,2022-09-27,2465,0,2022-09-27,1-H33,, کابل: میدان هوایی," فروش |‌  35,000$ دالر ",Dollar
5876,2022-09-27,2335,0,2022-09-27,0-H295,, مزارشريف : آريانا، كوچه صفري, فروش | 95000$ با جور آمد   ,Dollar
5860,2022-09-26,2273,0,2022-09-26,0-RS1,, مزارشريف : عقب گمرك، عقب هوتل ماركوپلو, كرايه | 400$ ماهوار با جور آمد   ,Dollar
5848,2022-09-25,2391,3,2022-09-26,0-HG48,, مزارشريف : شهرك خالد، قسمت دوم, گرو | 8000$ بدون جور آمد   ,Dollar
5830,2022-09-25,2343,0,2022-09-25,1-H48,, کابل: گولايي جمهوریت," فروش | 100,000$ با جور آمد   ",Dollar
5823,2022-09-24,2339,0,2022-09-24,0-H283,, مزارشريف : شهرك خالد، قسمت اول, فروش | 28000$ با جور آمد   ,Dollar
5811,2022-09-24,2291,1,2022-09-24,0-H291,, مزارشريف : گذر حاجي ابراهيم، كوچه حوزه 4, فروش | 24000$ با جور آمد   ,Dollar
5804,2022-09-24,2301,1,2022-09-26,0-H239,, مزارشريف : دروازه شاديان، كوچه دوله سازي, فروش | 85000$ با جور آمد   ,Dollar
5796,2022-09-24,2298,0,2022-09-26,1-H3,, کابل: ناحیه 11، قلعه نجارا،," فروش | 370,000$ با جور آمد   ",Dollar
5793,2022-09-23,2361,0,2022-09-23,1-H40,, کابل: بگرامی," فروش | 80,000$ با جور آمد   ",Dollar
5785,2022-09-22,2453,1,2022-09-22,0-H276,, مزارشريف : انصاري هشتم، كوچه 5, فروش | 27000$ با جور آمد   ,Dollar
5773,2022-09-21,2542,0,2022-09-21,0-H284,, مزارشريف : بلاك هاي هوايي، كوچه ايستگاه, فروش | 15000$ با جور آمد   ,Dollar
5767,2022-09-21,2438,0,2022-09-22,0-K163,, مزارشريف : خراسان4، كوچه اول, فروش | في متر 100$ با جور آمد   ,Dollar
5762,2022-09-21,2408,0,2022-09-21,0-K164,, مزارشريف : نصرت آباد، لب سرك, فروش | 7000$ با جور آمد   ,Dollar
5759,2022-09-20,2474,0,2022-10-01,0-H292,, مزارشريف : شهرک خالد، قسمت 2, فروش | 22000$ با جور آمد   ,Dollar
5752,2022-09-20,2465,2,2022-09-20,0-H288,, مزارشريف : عقب مخابرات، مقابل مكتب مختار, فروش | في متر 1000$ با جور آمد   ,Dollar
5750,2022-09-20,2467,1,2022-09-21,0-K155,, مزارشريف : بابه يادگار، قلعه خان, فروش | في متر 20$ با جور آمد   ,Dollar
5744,2022-09-19,2527,1,2022-09-19,0-H141,, مزارشريف : شهرک خالد," فروش | 60,000$ با جور آمد   ",Dollar
5741,2022-09-19,2418,1,2022-10-01,0-B34,, مزارشريف : جوار سفارت تركيه, فروش | 37000$ با جور آمد   ,Dollar
5731,2022-09-19,2403,0,2022-10-01,1-H46,," کابل: قلعه سلطان محمد ,"," فروش | 13,000$ با جور آمد   ",Dollar
5725,2022-09-19,2477,2,2022-09-19,0-H291,, مزارشريف : گذر حاجي ابراهيم، كوچه 7, فروش | 27000$ با جور آمد   ,Dollar
5718,2022-09-18,2584,0,2022-09-18,0-K161,, مزارشريف : عقب سراي مدير قيوم, فروش | في متر 950$ با جور آمد   ,Dollar
5714,2022-09-17,2601,1,2022-09-17,0-H290,, مزارشريف : كارته اماني، كوچه 7, فروش | 50000$ با جور آمد   ,Dollar
5704,2022-09-17,2556,0,2022-09-22,0-K157,, مزارشريف : نوبهار، سرك حلقوي, فروش | في متر 55$ با جور آمد   ,Dollar
5698,2022-09-17,2436,1,2022-09-17,0-H276,, مزارشريف : انصاري هشتم، كوچه 5, فروش | 30000$ با جور آمد   ,Dollar
5685,2022-09-17,2378,0,2022-09-17,1-H46,," کابل: قلعه سلطان محمد ,"," فروش | 13,000$ با جور آمد   ",Dollar
5678,2022-09-16,2520,0,2022-09-16,1-H47,," کابل: کوته سنگی ,", فروش | 22 لک اف با جور آمد   ,HT
5675,2022-09-16,2800,0,2022-09-16,0-H291,, مزارشريف : شهرک خالد," فروش | 35,000$ با جور آمد   ",Dollar
5673,2022-09-16,2404,2,2022-10-01,0-H289,, مزارشريف : كارته صلح، كوچه دوم, فروش | 90000$ با جور آمد   ,Dollar
5671,2022-09-15,2448,0,2022-09-15,1-H40,, کابل: بگرامی," فروش | 80,000$ با جور آمد   ",Dollar
5665,2022-09-15,2353,0,2022-09-15,0-H278,, مزارشريف : گذرمارمل, فروش | في متر 300$ با جور آمد   ,Dollar
5659,2022-09-14,2482,0,2022-09-15,0-K163,, مزارشريف : خراسان4، كوچه اول, فروش | في متر 100$ با جور آمد   ,Dollar
5654,2022-09-14,2377,2,2022-09-14,0-K156,, مزارشريف : حيرتان، مقابل آب گنده, فروش | جريب 400$ با جور آمد   ,Dollar
5652,2022-09-14,2352,2,2022-09-15,1-H7,," کابل: ناحیه 15,"," فروش | 75,000$ با جور آمد   ",Dollar
5649,2022-09-13,2462,0,2022-09-13,0-B50,, مزارشريف : خراسان، كوچه اول, فروش | 140000$ با جور آمد   ,Dollar
5631,2022-09-13,2491,2,2022-09-13,0-H279,, مزارشريف : دشت شور، كوچه 1, فروش | 75000$$ با جور آمد   ,Dollar
5627,2022-09-12,2549,1,2022-09-13,0-H287,, مزارشريف : كارته صلح، مقابل مسجد جامع, فروش | 100000$ با جور آمد   ,Dollar
5625,2022-09-12,2506,0,2022-09-12,0-H277,, مزارشريف : شيرأباد، نوآباد افغان ها, فروش | 12000$ با جور آمد   ,Dollar
5618,2022-09-12,2404,1,2022-09-12,0-H285,, مزارشريف : دست شور، سرک ۹," فروش | 20,000$ با جور آمد   ",Dollar
5616,2022-09-12,2473,0,2022-09-12,1-H46,," کابل: قلعه سلطان محمد ,"," فروش | 13,000$ با جور آمد   ",Dollar
5610,2022-09-11,2452,3,2022-09-11,0-H276,, مزارشريف : انصاري هشتم، كوچه 5, فروش | 30000$ با جور آمد   ,Dollar
5598,2022-09-11,2444,2,2022-09-11,0-H286,, مزارشريف : شهرک خالد," فروش | 75,000$ با جور آمد   ",Dollar
5596,2022-09-10,2547,1,2022-09-10,0-K162,, مزارشريف : دشت شور، كوچه 24, فروش | 7000$ با جور آمد   ,Dollar
5591,2022-09-10,2460,0,2022-09-10,1-H41,, کابل: ناحیه ۱۶, فروش | 18 لک با جور آمد   ,HT
5588,2022-09-10,2505,3,2022-09-10,0-H284,, مزارشريف : بلاك هاي هوايي، كوچه ايستگاه, فروش | 15000$ با جور آمد   ,Dollar
5576,2022-09-09,2670,2,2022-09-09,0-K161,, مزارشريف : عقب سراي مدير قيوم, فروش | في متر 950$ با جور آمد   ,Dollar
5571,2022-09-08,2612,0,2022-09-08,1-H46,," کابل: قلعه سلطان محمد ,"," فروش | 13,000$ با جور آمد   ",Dollar
5565,2022-09-08,2644,0,2022-09-08,0-K159,, مزارشريف : شهرنو، قسمت سوم, فروش | 10000$ با جور آمد   ,Dollar
5563,2022-09-08,2650,1,2022-09-08,0-H239,, مزارشريف : گذشته از شاروالی, فروش | 85000$ با جور آمد   ,Dollar
5560,2022-09-07,2644,1,2022-09-07,0-BG13,, مزارشريف : گذر هجده چمن, گرو | 8000$ با جور آمد   ,Dollar
5554,2022-09-07,2643,1,2022-09-08,0-B34,, مزارشريف : جوار سفارت تركيه, فروش | 37000$ با جور آمد   ,Dollar
5544,2022-09-06,2664,1,2022-09-07,0-H283,, مزارشريف : شهرك خالد، قسمت اول, فروش | 28000$ با جور آمد   ,Dollar
5535,2022-09-06,2570,0,2022-09-06,0-K158,, مزارشريف : شهرك بهارستان، مقابل هده كابل, فروش | 4500$ با جور آمد   ,Dollar
5532,2022-09-06,2526,0,,1-B24,, کابل: چهاراهی ترافیک ," فروش | 44,000$ با جور آمد   ",Dollar
5530,2022-09-05,2640,2,2022-09-05,0-K157,, مزارشريف : نوبهار، سرك حلقوي, فروش | في متر 55$ با جور آمد   ,Dollar
5524,2022-09-05,2542,2,2022-09-11,1-H46,," کابل: قلعه سلطان محمد ,"," فروش | 13,000$ با جور آمد   ",Dollar
5518,2022-09-05,2469,1,2022-09-05,1-H32,, کابل: کارته نوع," فروش |‌  70,000$ دالر ",Dollar
5512,2022-09-04,2518,0,2022-09-04,0-HG53,, مزارشريف : برشنا، گذر دربار, گرو | 29000$ با جور آمد   ,Dollar
5501,2022-09-04,2495,0,2022-09-04,0-HG49,, مزارشريف : نورخدا، ختم سيدأباد, گرو | 6000$$ با جور آمد   ,Dollar
5492,2022-09-04,2438,0,2022-09-05,1-H42,, کابل: سرک ۱ کارته نوع," فروش | 80,000$ با جور آمد   ",Dollar
5490,2022-09-03,2529,1,2022-09-29,0-H274,," مزارشريف : نوآباد, عقب تانك تيل خيبر", فروش | 49000$ با جور آمد   ,Dollar
5482,2022-09-03,2470,1,2022-09-03,0-H239,, مزارشريف : دروازه شاديان، كوچه دوله سازي, فروش | 85000$ با جور آمد   ,Dollar
5474,2022-09-03,2457,0,2022-09-29,1-B4,," کابل: ناحیه 11, خیرخانه"," فروش | 35,000$ با جور آمد   ",Dollar
5467,2022-09-01,2580,0,,0-B50,, مزارشريف : خراسان، كوچه اول, فروش | 140000$ با جور آمد   ,Dollar
5449,2022-09-01,2487,0,2022-09-01,0-K155,, مزارشريف : بابه يادگار، قلعه خان, فروش | في متر 20$ با جور آمد   ,Dollar
5442,2022-08-31,2500,3,2022-08-31,0-H277,, مزارشريف : شيرأباد، نوآباد افغان ها, فروش | 12000$ با جور آمد   ,Dollar
5435,2022-08-31,2398,0,2022-08-31,0-H282,, مزارشريف : كارته صلح، كوچه 2, فروش | 65000$ با جور آمد   ,Dollar
5426,2022-08-31,2439,0,2022-08-31,1-H35,, کابل: قلعه فتح الله," فروش |‌  80,000$ دالر ",Dollar
5420,2022-08-30,2467,1,2022-08-30,0-H280,, مزارشريف : دشت شور، كوچه 6, فروش | في متر 140$ با جور آمد   ,Dollar
5418,2022-08-30,2363,0,2022-09-29,1-H36,, کابل: کوتل خیرخانه, فروش |‌  18 لک افغانی ,HT
5416,2022-08-29,2392,0,2022-08-29,0-H276,, مزارشريف : انصاري هشتم، كوچه 5, فروش | 35000$ با جور آمد   ,Dollar
5404,2022-08-29,2222,0,2022-08-30,0-H240,, مزارشريف : شهرك خالد، قسمت اول, فروش | 95000$ با جور آمد   ,Dollar
5390,2022-08-29,2117,0,2022-08-29,1-H46,," کابل: کارته آریانا,"," فروش | 220,000$ با جور آمد   ",Dollar
5388,2022-08-29,2232,3,2022-08-29,0-BG19,, مزارشريف : گذر هجده چمن, گرو | 10000$ با جور آمد   ,Dollar
5375,2022-08-28,2329,0,2022-08-29,0-B51,, مزارشريف : تخنيكم، كوچه اول , فروش | 42000$ با جور آمد   ,Dollar
5367,2022-08-28,2356,0,2022-08-28,0-H279,, مزارشريف : دشت شور، كوچه 1, فروش | 75000$ با جور آمد   ,Dollar
5363,2022-08-26,2555,1,2022-08-26,0-K156,, مزارشريف : حيرتان، مقابل آب گنده, فروش | جريب 400$ با جور آمد   ,Dollar
5361,2022-08-25,2603,1,2022-08-25,0-HG49,, مزارشريف : نورخدا، ختم سيدأباد, گرو | 6000$ با جور آمد   ,Dollar
5352,2022-08-25,2483,3,2022-08-25,0-H160,, مزارشريف : شهرك خالد, فروش | 30000$ با جور آمد   ,Dollar
5340,2022-08-24,2697,2,2022-08-24,0-K155,, مزارشريف : بابه يادگار، قلعه خان, فروش | في متر 20$ با جور آمد   ,Dollar
5334,2022-08-24,2583,2,2022-08-24,0-B34,, مزارشريف : جوار سفارت تركيه, فروش | 37000$ با جور آمد   ,Dollar
5325,2022-08-23,2433,0,2022-08-23,1-H7,," کابل: ناحیه 15,"," فروش | 75,000$ با جور آمد   ",Dollar
5315,2022-08-23,2340,0,2022-08-23,0-H278,, مزارشريف : گذرمارمل, فروش | في متر 300$ با جور آمد   ,Dollar
5307,2022-08-23,2284,1,2022-08-23,0-HG54,, مزارشريف : گذرحيات, گرو | 7000$ با جور آمد   ,Dollar
5303,2022-08-23,2214,0,2022-09-29,1-B19,, کابل: قلعه نجارا ," فروش | $55,000",Dollar
5296,2022-08-22,2255,1,2022-09-29,0-H273,, مزارشريف : كارته جعفري, فروش | 30000$ با جور آمد   ,Dollar
5291,2022-08-22,2285,1,,0-H277,, مزارشريف : شيرأباد, فروش | 13000$ با جور آمد   ,Dollar
5284,2022-08-22,2230,0,2022-08-25,0-HG53,, مزارشريف : برشنا، گذر دربار, گرو | 29000$ با جور آمد   ,Dollar
5274,2022-08-22,2229,0,2022-08-22,1-A1,," کابل: ناحیه 11, "," فروش | 290,000$",Dollar
5267,2022-08-21,2210,1,2022-08-22,0-H261,, مزارشريف : شهرك خالد, فروش | 65000$ با جور آمد   ,Dollar
5253,2022-08-21,2097,0,2022-08-21,0-H276,, مزارشريف : انصاري هشتم، كوچه 5, فروش | 35000$ با جور آمد   ,Dollar
5240,2022-08-21,2081,0,2022-09-09,1-B23,, کابل: تایمنی," فروش | 95,000$ با جور آمد   ",Dollar
5234,2022-08-20,2138,1,2022-08-21,1-H44,, کابل: کارته نوع ," فروش | 80,000$ با جور آمد   ",Dollar
5232,2022-08-20,2106,0,2022-08-21,0-H274,, مزارشريف : نوآباد, فروش | 49000$ با جور آمد   ,Dollar
5222,2022-08-20,2101,0,2022-08-20,1-B22,, کابل:، تایمنی," فروش | 55,000$ با جور آمد   ",Dollar
5215,2022-08-20,2129,0,2022-08-20,0-BG13,, مزارشريف : گذر هجده چمن, گرو | 8000$ با جور آمد   ,Dollar
5206,2022-08-18,2368,0,2022-08-18,0-H151,, مزارشريف : كارته خراسان, فروش | 55000$ با جور آمد   ,Dollar
5197,2022-08-17,2375,1,2022-09-15,0-HG52,, مزارشريف : گذرحيات, گرو | 11000$ با جور آمد   ,Dollar
5194,2022-08-17,2307,0,2022-09-29,0-H271,, مزارشريف : پروژه تفصيلي اس, فروش | 35000$ با جور آمد   ,Dollar
5185,2022-08-17,2262,0,2022-08-20,1-H41,, کابل: ناحیه ۱۶, فروش | 18 لک با جور آمد   ,HT
5179,2022-08-16,2301,1,2022-08-17,0-K154,, مزارشريف : كارته اماني, فروش | في متر 115$ با جور آمد   ,Dollar
5175,2022-08-16,2239,3,2022-08-16,0-HG50,, مزارشريف : شهرك خالد, گرو | 11000$ با جور آمد   ,Dollar
5167,2022-08-16,2217,0,2022-10-18,1-H40,, کابل: بگرامی," فروش | 80,000$ با جور آمد   ",Dollar
5159,2022-08-15,2264,1,2022-09-12,0-HG51,, مزارشريف : شهرك همدرد, گرو | 1800$ با جور آمد   ,Dollar
5155,2022-08-15,2294,1,2022-08-15,1-HG7,, کابل: چهاراهی سرسبزی،, گروی | 4 نیم لک با جور آمد   ,HT
5100,2022-08-14,1963,0,,0-K153,, مزارشريف : فقير آباد, فروش | 19000$ با جور آمد   ,Dollar
5097,2022-08-14,1962,1,2022-09-29,1-H39,, کابل: دارلامان،," فروش | 30,000$ با جور آمد   ",Dollar
5091,2022-08-14,1963,1,2022-08-14,0-HG47, حويلي , مزارشريف : شهرك خالد, فروش | 37000$  با جور آمد,Dollar
5085,2022-08-13,2022,0,2022-08-13,0-H269, حويلي , مزارشريف : چهار سركه بلخ, فروش | 11000$ با جور آمد   ,Dollar
5080,2022-08-13,2005,1,2022-08-13,0-B3, بلاك , مزارشريف : شهرك خالد, فروش | 200000$ با جور آمد   ,Dollar
5061,2022-08-13,1921,0,2022-08-13,0-H268, حويلي , مزارشريف : نوآباد, فروش | 20000$ با جور آمد   ,Dollar
5052,2022-08-13,1992,0,2022-08-13,1-H3, حویلی , کابل: ناحیه 11، قلعه نجارا،," فروش | 370,000$ با جور آمد   ",Dollar
5046,2022-08-12,2091,3,2022-08-12,0-K152, زمين , مزارشريف : سرك عمومي دهداي, فروش | 7000$ با جور آمد   ,Dollar
5040,2022-08-11,2061,0,2022-08-14,0-K149, زمين , مزارشريف : عقب پوهنتون مولانا, فروش | 18000$ با جور آمد   ,Dollar
5037,2022-08-11,2098,1,2022-08-11,0-K139, زمين , مزارشريف : سرك قلعه غازي ها, فروش | في متر 150$ با جور آمد   ,Dollar
5033,2022-08-11,2130,1,2022-08-12,1-BG3, آپارتمان گروی, کابل:سرک 5، پروژه تایمنی , فروش | 14 لک افغانی,HT
5027,2022-08-10,2165,2,,0-K147, زمين , مزارشريف : شهرك آزادي, فروش | 8000$ با جور آمد   ,Dollar
5025,2022-08-10,2167,0,2022-08-12,0-K150, زمين , مزارشريف : شهرك عمري فاروق, فروش | في متر 18$ با جور آمد   ,Dollar
5019,2022-08-10,2206,0,,0-H266, حويلي , مزارشريف : شيرآباد, فروش | 33000$  با جور آمد   ,Dollar
5014,2022-08-10,2154,1,2022-08-10,1-A3, بلاک  , کابل: ناحیه 15," فروش | 285,000$",Dollar
5008,2022-08-09,2253,0,2022-08-09,0-K148, زمين , مزارشريف : شهرك خالد، قسمت 7, فروش | 4500$  با جور آمد   ,Dollar
5006,2022-08-09,2256,2,2022-08-09,0-H265, حويلي , مزارشريف : كارته ظهيرالدين فاريابي, فروش | 220000$  با جور آمد   ,Dollar
5004,2022-08-09,2221,0,2022-08-09,1-A2, بلاک  ," کابل: ناحیه 11, "," فروش | $490,00",Dollar
4996,2022-08-08,2290,0,2022-08-09,1-H3, حویلی , کابل: ناحیه 11، قلعه نجارا،," فروش | 370,000$ با جور آمد   ",Dollar
4994,2022-08-07,2313,1,2022-08-07,0-K146, زمين , مزارشريف : شيرآباد, فروش | في متر 25$  با جور آمد   ,Dollar
4991,2022-08-07,2349,0,2022-08-09,1-K18, زمین  , کابل: کارته پروان," فروش | 137,000$",Dollar
4989,2022-08-07,2281,2,2022-08-07,0-H265, حويلي , مزارشريف : كارته ظهيرالدين فاريابي, فروش | 220000$  با جور آمد   ,Dollar
4979,2022-08-07,2256,0,2022-08-07,0-BG17, بلاك , مزارشريف : سيدآباد, گرو | يك واحد 7000$  با جور آمد ,Dollar
4973,2022-08-07,2197,0,2022-08-07,1-K7, زمین  , کابل: بهارستان," فروش | 40,000$ با جور آمد    ",Dollar
4971,2022-08-06,2163,0,2022-08-06,0-HG49, حويلي , مزارشريف : نورخدا, گرو | 6000$  با جور آمد   ,Dollar
4966,2022-08-06,2118,1,2022-12-05,0-BG18, بلاك , مزارشريف : كارته پارسا ، امپراطوري باران, گرو | 15000$  بدون جور آمد   ,Dollar
4958,2022-08-06,2096,1,2022-08-06,0-H264, حويلي , مزارشريف : كارته بخدي, فروش | 65000$  با جور آمد   ,Dollar
4956,2022-08-06,2083,1,2022-08-06,1-H9, حویلی, کابل: سرک دارلامان ," فروش | 75,000$ با جور آمد   ",Dollar
4949,2022-08-05,2106,0,2022-08-05,1-H2, حویلی , کابل: ناحیه ۹، خواجه رواش," فروش | 75,000$ با جور آمد   ",Dollar
4942,2022-08-04,2027,0,2022-08-05,1-H37, حویلی  , کابل: 3 راهی خواجه رواش, فروش |‌  28 لک افغانی ,HT
4939,2022-08-04,1987,0,2022-08-04,0-H262, حويلي , مزارشريف : شهرك خالد, فروش | 28000$  با جور آمد   ,Dollar
4932,2022-08-04,1991,1,2022-08-04,0-HG48, حويلي , مزارشريف : شهرك خالد, گرو | 10000$  با جور آمد   ,Dollar
4922,2022-08-04,2001,0,2022-08-04,1-HG5, حویلی  , کابل: سرک عمومی دارلمان, گروی |‌  13 لک افغانی ,HT
4920,2022-08-03,1968,0,2022-08-03,1-B18, بلاک  , کابل: سرک 5 تایمنی ," فروش | 25,000$",Dollar
4914,2022-08-03,1973,0,2022-08-03,0-K145, زمين , مزارشريف : گذرمارمل, فروش | 8000$  با جور آمد   ,Dollar
4912,2022-08-03,1944,0,2022-10-03,1-H11, حویلی," کابل: ناحیه 17, کوتل خیرخانه "," فروش | 135,000$ با جور آمد   ",Dollar
4903,2022-08-03,1861,0,2022-08-03,0-K144, زمين , مزارشريف : شهرك خالد , فروش | 17000$  با جور آمد   ,Dollar
4898,2022-08-03,1866,1,2022-08-04,1-H36, حویلی  , کابل: کوتل خیرخانه, فروش |‌  18 لک افغانی ,HT
4896,2022-08-02,1942,0,,0-B35, بلاك , مزارشريف : كابل فلز, فروش | 22000$  با جور آمد   ,Dollar
4887,2022-08-02,1932,1,2022-08-02,0-HG47, حويلي , مزارشريف : شهرك خالد, فروش | 37000$  با جور آمد,Dollar
4881,2022-08-02,1919,1,2022-08-03,1-H35, حویلی  , کابل: قلعه فتح الله," فروش |‌  80,000$ دالر ",Dollar
4879,2022-08-01,1923,0,2022-08-02,0-K143, زمين , مزارشريف : شرعي پروژه آزادي, فروش | في متر 30$  با جور آمد   ,Dollar
4877,2022-08-01,1859,0,2022-08-13,1-H1, حویلی , کابل: چهلستون، ناحیه ۷," فروش | 90,000$ با جور آمد   ",Dollar
4871,2022-08-01,1867,0,2022-08-01,0-H261, حويلي , مزارشريف : شهرك خالد, فروش | 69000$ با جور آمد   ,Dollar
4857,2022-08-01,1866,0,,1-H34, حویلی  , کابل: سرک 17 بوستان," فروش |‌  85,000$ دالر ",Dollar
4855,2022-07-31,1928,1,2022-07-31,0-H258, حويلي , مزارشريف : شهرك اميري, فروش | 30000$ با جور آمد   ,Dollar
4849,2022-07-31,1861,0,,0-K142, زمين , مزارشريف : سيد آباد, فروش | 45000$ با جور آمد   ,Dollar
4847,2022-07-31,1854,1,2022-08-09,0-H259, حويلي , مزارشريف : عقب مزار هوتل, فروش | 23000$ با جور آمد   ,Dollar
4841,2022-07-31,1888,0,2022-08-06,1-K18, زمین  , کابل: کارته پروان," فروش | 137,000$",Dollar
4839,2022-07-30,1914,1,2022-07-31,1-K17, زمین  , کابل: استگاه بی بی مهرو," فروش | $35,000",Dollar
4837,2022-07-30,1864,1,,0-K141, زمين , مزارشريف : گذر گله چنار, فروش | في متر 80$ با جور آمد   ,Dollar
4832,2022-07-30,1818,1,2022-07-30,0-H257, حويلي , مزارشريف : شهرك خالد, فروش | 62000$ با جور آمد   ,Dollar
4820,2022-07-30,1766,0,2022-07-30,0-K137, زمين , مزارشريف : عقب گمرك, فروش | في متر 90$ با جور آمد   ,Dollar
4816,2022-07-30,1733,0,2022-08-07,1-K16, زمین  , کابل: شیرپور," فروش | 65,000$",Dollar
4814,2022-07-29,1754,0,2022-08-04,1-B19, بلاک  , کابل: قلعه نجارا ," فروش | $55,000",Dollar
4807,2022-07-29,1677,1,2022-08-05,0-H256, حويلي , مزارشريف : نورخدا بلاك 3, فروش | 13000$ با جور آمد   ,Dollar
4797,2022-07-29,1771,0,2022-07-29,1-HG6, حویلی  , کابل: کوته سنگی, فروش | ‌42 لک افغانی ,HT
4791,2022-07-28,1808,0,2022-08-02,1-A1, بلاک  ," کابل: ناحیه 11, "," فروش | 290,000$",Dollar
4786,2022-07-28,1764,1,2022-08-02,0-H160, حويلي , مزارشريف : شهرك خالد, فروش | 30000$ با جور آمد   ,Dollar
4777,2022-07-28,1766,0,2022-07-29,0-K140, زمين , مزارشريف : پروژه اس, فروش | في متر 65$ با جور آمد   ,Dollar
4775,2022-07-28,1796,0,2022-08-13,1-B18, بلاک  , کابل: سرک 5 تایمنی ," فروش | 25,000$",Dollar
4773,2022-07-27,1824,1,2022-08-30,0-H255, حويلي , مزارشريف : چوك جهاد, فروش | 65000$ با جور آمد   ,Dollar
4764,2022-07-27,1855,1,2022-07-27,0-H239, حويلي , مزارشريف : دروازه شاديان, فروش | 85000$ با جور آمد   ,Dollar
4756,2022-07-27,1794,0,2022-07-27,1-H33, حویلی  , کابل: میدان هوایی," فروش |‌  35,000$ دالر ",Dollar
4751,2022-07-26,1857,1,2022-07-27,0-D8, دفتر , مزارشريف : چوك سنچاركي, سرقلفي | 18000$ با جور آمد   ,Dollar
4745,2022-07-26,1860,0,2022-07-26,0-K104, زمين , مزارشريف : عده شبرغان, فروش | في متر 100$ با جور آمد   ,Dollar
4743,2022-07-26,1807,1,2022-07-26,0-B33, بلاك , مزارشريف : شهرك خالد, فروش | 16000$ با جور آمد   ,Dollar
4737,2022-07-25,1909,2,2022-07-25,0-K136, زمين , مزارشريف : شهر نو, فروش | في متر 13.5$ با جور آمد   ,Dollar
4730,2022-07-25,1864,0,2022-07-25,0-H217, حويلي , مزارشريف : كابل فلز, فروش | في متر 350$ با جور آمد   ,Dollar
4726,2022-07-24,1935,0,2022-09-29,0-H180, حويلي , مزارشريف : زراعت، نوآباد, فروش | 30000$ با جور آمد   ,Dollar
4718,2022-07-24,1852,0,2022-07-24,0-B38, بلاك , مزارشريف : چوك جهاد, فروش | 18000$ با جور آمد   ,Dollar
4710,2022-07-24,1828,0,2022-07-26,1-H32, حویلی  , کابل: کارته نوع," فروش |‌  70,000$ دالر ",Dollar
4703,2022-07-23,1930,0,2022-07-23,0-H254, حويلي , مزارشريف : كارته خراسان, فروش | 22000$ با جور آمد   ,Dollar
4699,2022-07-23,1918,2,2022-09-29,0-H253, حويلي , مزارشريف : شهرك خالد, فروش | 34000$ با جور آمد   ,Dollar
4692,2022-07-23,1866,0,2022-07-23,1-B17, بلاک  , کابل: تایمنی ," فروش | $30,000",Dollar
4685,2022-07-23,1838,0,2022-08-06,0-RH1, حويلي , مزارشريف : شهر نو, كرايه | 6000 افغاني با جور آمد   ,AF
4679,2022-07-21,1972,0,2022-07-21,0-K139, زمين , مزارشريف : شورتاكزار, فروش | في متر 175$ با جور آمد   ,Dollar
4677,2022-07-21,1991,0,2022-07-24,0-K111, زمين , مزارشريف : بابه يادگار, فروش | في متر75 $ با جور آمد   ,Dollar
4674,2022-07-20,1961,0,2022-07-27,0-H233, حويلي , مزارشريف : كارته صلح, فروش | 80000$ با جور آمد   ,Dollar
4658,2022-07-20,1867,0,,0-B48, بلاك , مزارشريف : كوچه هجده چمن, فروش | 40000$ با جور آمد   ,Dollar
4649,2022-07-20,1826,0,2022-07-23,1-K15, زمین  , کابل: ناحیه 17, فروش |8 لک افغانی,HT
4647,2022-07-19,1866,1,2022-07-21,0-K138, زمين , مزارشريف : كارته صلح, فروش | 90000$ با جور آمد   ,Dollar
4642,2022-07-19,1883,0,2022-07-20,0-H252, حويلي , مزارشريف : شهرك خالد, فروش | 25000$ با جور آمد   ,Dollar
4636,2022-07-19,1854,0,2022-07-19,0-H200, حويلي , مزارشريف : گذر چغدك, فروش | 85000$ با جور آمد   ,Dollar
4623,2022-07-18,1884,2,2022-07-18,0-H120, حويلي , مزارشريف : شهرك خالد, فروش | 30000$ با جور آمد   ,Dollar
4615,2022-07-18,1785,0,2022-07-18,0-H251, حويلي , مزارشريف : شهرك خالد, فروش | 68000$ با جور آمد   ,Dollar
4601,2022-07-18,1694,0,2022-07-19,1-K14, زمین  , کابل: ارزان قیمت, فروش |8 لک افغانی,HT
4599,2022-07-17,1791,0,,0-H250, حويلي , مزارشريف : شهرك خالد, فروش | 80000$ با جور آمد   ,Dollar
4588,2022-07-17,1746,3,,0-H249, حويلي , مزارشريف : شهرك خالد, فروش | 35000$ با جور آمد   ,Dollar
4577,2022-07-17,1717,0,2022-07-17,1-B16, بلاک  , کابل: کارته پروان," فروش | $30,000",Dollar
4560,2022-07-16,1736,0,2022-09-12,1-DK1, دکان  , کابل: دهبوری, کرایه | 3 الي 8 هزار افغاني,AF
4543,2022-07-13,1919,1,2022-07-14,1-K13, زمین  , کابل: ارزان قیمت, فروش | 18 لک افغانی,HT
4530,2022-07-12,1749,0,2022-07-14,1-K12, زمین  , کابل: دشت برچی, فروش | 32 لک افغانی,HT
4523,2022-07-10,1817,0,2022-07-11,1-H31, حویلی  , کابل: گذشته از پل کمپنی, فروش | 14 لک افغانی,HT
4474,2022-07-04,1707,0,2022-07-05,1-H30, حویلی  , کابل: ناحیه ۵," فروش | $42,000",Dollar
4456,2022-07-04,1556,0,,, حویلی  , کابل: ناحیه 17,فروش | $50 هزار دالر     ,Dollar
4450,2022-07-03,1611,0,,, آپارتمان  , کابل: میوند لاهوری,گروی | 12 لک افغانی     ,HT
4424,2022-07-02,1602,0,2022-07-03,1-H28, حویلی  , کابل: دارلامان," فروش | 60,000$    ",Dollar
4415,2022-07-02,1606,0,2022-07-02,0-H233, حويلي, مزارشریف: كارته صلح," فروش | $80,000",Dollar
4392,2022-07-01,1547,0,2022-07-01,1-BG1, آپارتمان  , کابل: شهرک امارات,"گروی | $8,000    ",Dollar
4390,2022-07-01,1549,0,2022-07-01,0-K114, زمین , مزارشریف: سید آباد    ," فروش | 280,000$ با جور آمد   ",Dollar
4368,2022-06-29,1492,1,2022-06-29,0-B45, بلاك , کارته بخاطر," فروش | 36,000$ با جور آمد   ",Dollar
4346,2022-06-28,1624,0,2022-06-28,1-K10, زمین  , کابل: بند قرغه, فروش | 57 لک با جور آمد    ,HT
4344,2022-06-28,1538,0,2022-06-28,0-H177, حويلي, مزارشریف: شورتاكذار," فروش | 88,000$ باجورأمد",Dollar
4336,2022-06-27,1501,1,2022-06-27,0-H242, حويلي , مزارشريف : شهرک خالد ," فروش | 45,000$ با جور آمد   ",Dollar
4334,2022-06-27,1514,1,,1-H25, حویلی  ," کابل: ناحیه 9 , یکه توت"," فروش | 20,000$    ",Dollar
4282,2022-06-24,1472,0,2022-06-24,1-K7, زمین  , کابل: بهارستان," فروش | 40,000$ با جور آمد    ",Dollar
4139,2022-06-16,1462,0,,1-B7, 20 آپارتمان فروشی , کابل: چهاراهی لب جر ," فروش | 35,000$ با جور آمد",Dollar
4014,2022-06-10,1334,0,2022-06-10,1-H1, حویلی , کابل: چهلستون، ناحیه ۷," فروش | 90,000$ با جور آمد   ",Dollar
3913,2022-06-07,1289,1,2022-06-07,0-K118, زمين , مزارشريف : قريه پلاس پوش, فروش | 12 لك افغاني با جور آمد   ,HT
3897,2022-06-06,1303,2,,0-H113, حویلی , مزارشريف : شهرك خالد, فروش | 35000$ با جور آمد   ,Dollar
3855,2022-06-04,1367,1,2022-06-05,1-B5, آپارتمان VIP , کابل: گولایی جمهوریت," فروش | 115,000$ با جور آمد   ",Dollar
3846,2022-06-04,1413,0,2022-06-04,0-H177, حويلي, مزارشریف: شورتاكذار, فروش | 90000$ باجورأمد,Dollar
3836,2022-06-04,1404,0,2022-06-04,0-H234, حويلي, مزارشریف: كارته مامورين, فروش | في متر 500$ باجورأمد,Dollar
3833,2022-06-04,1412,0,2022-06-07,0-H115, حويلي , شهرك خالد," فروش | 55,000$ با جور آمد   ",Dollar
3816,2022-06-04,1363,0,2022-06-04,1-K4, زمین  , کابل: ارزان، قیمت،," فروش | 52,000$ با جور آمد    ",Dollar
3814,2022-06-03,1401,0,2022-08-07,1-H9, حویلی, کابل: سرک دارلامان ," فروش | 75,000$ با جور آمد   ",Dollar
3808,2022-06-03,1454,3,2022-06-03,0-H76, حويلي, مزارشریف: دشت شور, فروش | 35000$,Dollar
3799,2022-06-03,1384,0,,1-B4, آپارتمان فروشی," کابل: ناحیه 11, خیرخانه"," فروش | 35,000$ با جور آمد   ",Dollar
3792,2022-06-03,1323,1,,0-H103, حويلي, مزارشریف: كارته صلح, فروش | 130000$,Dollar
3785,2022-06-02,1413,0,2022-06-02,1-H8, حویلی, کابل: سرک دارلامان ," فروش | 75,000$ با جور آمد   ",Dollar
3779,2022-06-02,1374,2,2022-06-02,0-H233, حويلي, مزارشریف: كارته صلح, فروش | 90000$,Dollar
3767,2022-06-02,1343,0,,1-B3, آپارتمان فروشی, کابل: ناحیه 17," فروش | 25,000$ با جور آمد   ",Dollar
3759,2022-06-02,1401,1,2022-06-02,1-H12, حویلی, کابل: ارزان قیمت ," فروش | 180,000$ با جور آمد   ",Dollar
3753,2022-06-01,1452,1,,1-BK1, بلاک کرایی, کابل: برج عزیزی," کرایی | 12,000 af با جور آمد   ",AF
3747,2022-06-01,1427,0,,0-H231, حویلی , مزار: پروژه همدرد, فروش |13 لک با جور آمد   ,HT
3742,2022-06-01,1467,1,2022-06-01,1-H6, حویلی, کابل: کارته نو, فروش | 15 لک با جور آمد   ,HT
3740,2022-05-31,1504,3,2022-05-31,0-H230, حویلی , مزار: کارته بخدی, فروش | 230$ متر با جور آمد   ,Dollar
3738,2022-05-31,1458,1,,1-H5, حویلی, کابل: قرغه, فروش | 35 لک با جور آمد   ,HT
3732,2022-05-31,1451,0,2022-05-31,0-H229, حویلی , مزار: کارته وحدت, فروش | 10 لک با جور آمد   ,HT
3723,2022-05-31,1371,1,2022-05-31,0-K109, زمین تانک تیل, مزارشریف: نساجی, فروش | فی متر 170$  ,Dollar
3721,2022-05-31,1386,1,,1-B2, بلاک فروشی , کابل: بلاک های تهیه مسکن،," فروش | 16,000$ با جور آمد   ",Dollar
3719,2022-05-30,1403,0,2022-05-31,0-H157, حویلی , مزار: قلعه خان," فروش | 25,000$ با جور آمد   ",Dollar
3716,2022-05-30,1410,0,,1-HG2, حویلی گروی, کابل: چهلستون، سرک نوع," گروی | 35,000$ با جور آمد   ",Dollar
3710,2022-05-30,1362,0,,1-HG1, حویلی گروی, کابل: ارزان قیمت," گروی | 12,000$ با جور آمد   ",Dollar
3708,2022-05-30,1402,0,2022-05-30,0-B41, بلاک ," کابل فلز, مسجد سفید "," فروش | 25,000$ با جور آمد   ",Dollar
3701,2022-05-29,1413,2,,0-H228, حویلی , کابل فلز  ," فروش | 35,000$ با جور آمد   ",Dollar
3692,2022-05-29,1477,0,2022-05-29,0-K128, زمین , مزارشریف: نوشاد , فروش | فی متر $67  ,Dollar
3689,2022-05-28,1446,1,2022-05-28,0-H182, حویلی , بخدی2 ، سرک قیر ," فروش | 130,000$ با جور آمد   ",Dollar
3681,2022-05-28,1499,1,,0-K127, زمین , مزارشریف: چهاراهی محب , فروش | فی متر $380  ,Dollar
3679,2022-05-28,1493,0,2022-09-16,1-H1, حویلی , کابل: چهلستون، ناحیه ۷," فروش | 90,000$ با جور آمد   ",Dollar
3673,2022-05-27,1558,0,,1-K3, زمین نبش  , کابل: ناحیه 4، سرک ۵ تایمنی،, فروش | 270$ فی متر    ,Dollar
3671,2022-05-27,1494,0,2022-06-22,0-H201, حویلی , بخدی، سرک قیر," فروش | 70,000$ با جور آمد   ",Dollar
3664,2022-05-26,1492,0,2022-05-26,0-H209, حویلی , چهل متره آشیانه," فروش | 315,000$ با جور آمد   ",Dollar
3654,2022-05-26,1410,0,,1-B1, بلاک های فروشی , کابل: ناحیه 4، سرک سلیم کاروان،," اتاق 4 | 70,000$ با جور آمد   ",Dollar
3648,2022-05-26,1485,0,2022-05-26,1-H4, حویلی , کابل: ناحیه 11، قلعه نجارا،," فروش | 250,000 با جور آمد   ",AF
3645,2022-05-26,1470,0,2022-05-28,0-K126, زمین , مزارشریف: کارته صلح , فروش | فی متر $200   ,Dollar
3643,2022-05-25,1499,0,2022-05-25,0-K125, زمین , مزارشریف: بابه یادگار , فروش | فی متر 270$   ,Dollar
3641,2022-05-25,1552,0,2022-05-25,1-K2, زمین لب سرک  , کابل: ناحیه 4، سرک ۵ تایمنی،," فروش | 270,000$ با جور آمد   ",Dollar
3631,2022-05-24,1504,0,,1-K1, زمین لب سرک  , کابل: ناحیه 11، قلعه نجارا،, فروش | 4 لک دالر با جور آمد   ,HT
3629,2022-05-24,1478,0,2022-05-24,0-K123, زمین , مقابل تانک تیل سادات," فروش | 70,000$ با جور آمد   ",Dollar
3626,2022-05-24,1506,0,2022-05-28,1-H3, حویلی , کابل: ناحیه 11، قلعه نجارا،," فروش | 370,000$ با جور آمد   ",Dollar
3624,2022-05-24,1487,0,2022-05-25,0-BG14, بلاک , مزارشریف: کارته سینا," گروی | 4,000 با جور آمد   ",AF
3614,2022-05-23,1562,4,2022-06-26,0-B34, بلاک , مزارشریف: بابه يادگار," فروش | 34,000$ با جور آمد   ",Dollar
3604,2022-05-23,1590,5,2022-05-23,0-h144, حویلی , شهرک خالد: قسمت 2," فروش | 149,500 با جور آمد   ",Dollar
3594,2022-05-22,1606,1,2022-05-22,0-h208, حویلی , مزارشریف: نوبهار," فروش | 149,500$ با جور آمد   ",Dollar
3581,2022-05-22,1583,2,2022-05-25,0-H138, حویلی , شهرک خالد," فروش | 50,000$ با جور آمد   ",Dollar
3571,2022-05-21,1599,0,2022-05-22,0-K121, زمين , مزارشريف: گذر عزیز آباد, فروش | 120$ فی متر   ,Dollar
3569,2022-05-21,1622,0,2022-06-29,0-K122,  زمين نبش , مزارشريف: گذر عزیز آباد, فروش | 400$ فی متر   ,Dollar
3567,2022-05-20,1627,1,2022-05-20,0-H227, حويلي , دشت شور," فروش | 45,000$ با جور آمد   ",Dollar
3553,2022-05-19,1623,0,2022-11-12,0-K120, زمين , مزارشريف: گذر عزیز آباد, فروش | 200$ فی متر   ,Dollar
3551,2022-05-18,1715,0,2022-05-19,0-BG13, بلاک , مزارشریف: گذر هجده چمن , گروی | 10000$ با جور آمد   ,Dollar
3545,2022-05-18,1599,1,2022-05-18,0-B40, بلاك , چوك فردوسي, فروش | 42000$ به اقساد 2 ساله با جور آمد   ,Dollar
3537,2022-05-17,1564,0,2022-05-17,0-H115, حويلي , شهرك خالد," فروش | 55,000$ با جور آمد   ",Dollar
3527,2022-05-17,1581,2,2022-05-17,0-K119, زمين , مزارشريف: گذشته از کمر بند سابقه, فروش |35 $ فی متر   ,Dollar
3525,2022-05-16,1508,0,2022-05-17,0-H159, حويلي , شهرك خالد," فروش | 45,000$ با جور آمد   ",Dollar
3510,2022-05-16,1449,0,2022-05-21,1-H2, حویلی , کابل: ناحیه ۹، خواجه رواش," فروش | 75,000$ با جور آمد   ",Dollar
3503,2022-05-16,1384,1,2022-05-22,0-K118, زمين , مزارشريف: قريه پلاس پوش, فروش | 17000$ با جور آمد   ,Dollar
3495,2022-05-15,1443,2,2022-05-15,0-H202, حويلي , شهرك خالد, فروش | 25000$ با جور آمد   ,Dollar
3484,2022-05-14,1404,0,2022-11-12,0-K118, زمين , مزارشريف: قريه پلاس پوش, فروش | 17000$ با جور آمد   ,Dollar
3475,2022-05-14,1309,0,2022-11-12,0-H226, حويلي , بلخ: جوار هوتل طلوع, فروش | 79000$ با جور آمد   ,Dollar
3469,2022-05-14,1327,0,2022-08-15,1-H1, حویلی , کابل: چهلستون، ناحیه ۷," فروش | 90,000$ با جور آمد   ",Dollar
3463,2022-05-13,1458,0,2022-05-13,0-K111, زمين , بابه يادگار, فروش | في متر 80$ با جور آمد   ,Dollar
3461,2022-05-12,1527,1,2022-05-12,0-H187, حویلی ، فروش عاجل, شهرك خالد , فروش | 32500$ با جور آمد   ,Dollar
3448,2022-05-12,1327,3,2022-05-12,0-HG45, حویلی , گذر حيات, گرو | 12000$ با جور آمد   ,Dollar
3440,2022-05-12,1377,0,2022-05-12,0-B39, بلاك , جوار قنسل ترکیه," فروش | 18,000$ با جور آمد   ",Dollar
3433,2022-05-11,1345,0,2022-05-11,0-H159, حویلی , شهرك خالد, فروش | 45000$ با جور آمد   ,Dollar
3421,2022-05-11,1401,0,2022-05-13,0-H225, حویلی , سرک تالار ," فروش | 40,000$ با جور آمد   ",Dollar
3415,2022-05-10,1427,0,,0-H224, حویلی , گذر مارمل ," فروش | 50,000$ با جور آمد   ",Dollar
3405,2022-05-10,1449,0,2022-05-10,0-H223, حویلی , گذر چتگري ," فروش | 20,000$ با جور آمد   ",Dollar
3398,2022-05-09,1451,0,2022-05-09,0-H200, حویلی , گذر چغدک ," فروش | 90,000$ با جور آمد   ",Dollar
3388,2022-05-09,1518,2,2022-05-16,0-H149, حویلی , کارته خراسان ," فروش | 130,000$ با جور آمد   ",Dollar
3366,2022-05-08,1552,1,2022-05-09,0-H199, حویلی ,کارته سینا ," فروش | 135,000 با جور آمد   ",Dollar
3350,2022-05-08,1530,1,2022-11-12,0-h204, حویلی , شهرک خالد," فروش | 30,000$ با جور آمد   ",Dollar
3342,2022-05-07,1551,3,2022-05-07,0-K117, زمین , مزارشریف: سرک کابل مزار  , فروشی | 55 لک با جور آمد   ,HT
3340,2022-05-07,1577,1,2022-05-07,0-H203, حویلی , مزارشریف: شهرک خالد  ," فروشی | 55,000$ با جور آمد   ",Dollar
3330,2022-05-06,1573,0,,0-H222, حویلی , مزارشریف: شهرک خالد  ," فروشی | 72,000$ با جور آمد   ",Dollar
3311,2022-05-05,1708,4,2022-11-12,0-H198, حویلی , مزارشریف: کارته آریانا ام لبلاد   ," فروشی | 160,000 با جور آمد   ",Dollar
3291,2022-05-04,1670,2,2022-05-04,0-H193, حویلی , مزارشریف: شهرک خالد ," فروشی | 25,000$ با جور آمد   ",Dollar
3283,2022-05-01,2050,0,2022-05-01,0-K32, زمین , مزارشریف: کمر بند کهنه بلخ  , فروش | 22$ فی متر   ,Dollar
3280,2022-04-30,1948,1,2022-04-30,0-K46, زمین , مزارشریف: ایشانی , فروش | 40$ فی متر   ,Dollar
3278,2022-04-29,1905,1,2022-04-30,0-H221, حویلی , مزارشریف: دروازه شادیان ," فروشی | 50,000$ با جور آمد   ",Dollar
3270,2022-04-29,1772,0,2022-04-29,0-h167, حویلی , مزارشریف: نوآباد ," فروشی | 36,000$ با جور آمد   ",Dollar
3260,2022-04-28,1759,0,2022-04-28,0-K42, زمین , مزارشریف: شهرک صفا ," فروش | 12,000$ فی متر   ",Dollar
3258,2022-04-27,1772,0,2022-04-27,0-B38, بلاک , مزارشریف: چهاراهی جهاد ," فروش | 18,000$ فی متر   ",Dollar
3252,2022-04-27,1770,0,2022-04-29,0-B37, بلاک , مزارشریف: کوچه قابله پروین ," فروش | 45,000$ فی متر   ",Dollar
3243,2022-04-26,1734,0,,0-B36, بلاک , مزارشریف: چهاراهی جهاد ," فروش | 35,000$ فی متر   ",Dollar
3241,2022-04-26,1684,1,2022-05-05,0-K26, زمین , مزارشریف: شهرک خالد ," فروش | 35,000$ فی متر   ",Dollar
3239,2022-04-26,1642,0,,0-K8, زمین , مزارشریف: گذر چیتگری , فروش | 140$ فی متر   ,Dollar
3237,2022-04-25,1682,1,2022-04-25,0-h187, حویلی , مزارشریف: شهرک خالد  ," فروش | 35,000$ با جور آمد   ",Dollar
3228,2022-04-25,1719,1,2022-04-25,0-H189, حویلی , مزارشریف: شهرک خالد ," فروش | 75,000$ با جور آمد   ",Dollar
3217,2022-04-24,1668,0,2022-04-25,0-H157, حویلی , مزارشریف: قلعه خان      ," فروش | 26,000$ با جور آمد   ",Dollar
3211,2022-04-23,1677,0,2022-11-12,0-H88, حویلی , مزارشریف: شهرک خالد   ," فروش | 55,000$ با جور آمد   ",Dollar
3201,2022-04-23,1601,0,2022-04-25,0-K116, زمین , مزارشریف: شهرک خالد    ," فروش | 15,000$ با جور آمد   ",Dollar
3199,2022-04-23,1641,0,2022-04-23,0-K114, زمین , مزارشریف: سید آباد    ," فروش | 370,000$ با جور آمد   ",Dollar
3194,2022-04-22,1661,1,2022-04-22,0-B35, بلاک , مزارشریف: چهار راه کابل فلز      ," فروش | 23,000$ با جور آمد   ",Dollar
3185,2022-04-22,1615,1,2022-11-12,0-K115, زمین , مزارشریف: گذر حیات    ," فروش | 23,000$ با جور آمد   ",Dollar
3182,2022-04-21,1622,0,2022-05-14,0-H153, حویلی , مزارشریف: عزیز آباد    , فروش | 170$ با جور آمد   ,Dollar
3177,2022-04-21,1610,1,2022-04-21,0-H129, حویلی , مزارشریف: کمر بند کهنه    ," فروش | 8,000$ با جور آمد   ",Dollar
3169,2022-04-20,1615,2,2022-04-20,0-H135, حویلی , مزارشریف: کمر بند سیاه گرد    ," فروش | 20,000$ با جور آمد   ",Dollar
3154,2022-04-20,1549,0,2022-04-20,0-B34, بلاک , مزارشریف: بابه يادگار, فروش | 37500$ با جور آمد   ,Dollar
3142,2022-04-20,1591,1,2022-04-20,0-H107, حویلی , مزارشریف: شهرک خالد    ," فروش | 70,000$ با جور آمد   ",Dollar
3133,2022-04-19,1573,0,2022-04-19,0-H103, حویلی , مزارشریف: کارته صلح    ," فروش | 135,000$ با جور آمد   ",Dollar
3127,2022-04-19,1553,1,2022-04-19,0-H219, حویلی , مزارشریف: سرک معدن نمک   ," فروش | 55,000$ با جور آمد   ",Dollar
3120,2022-04-19,1497,0,2022-04-19,0-H58, حویلی , مزارشریف: کارته زراعت   ," فروش | 90,000$ با جور آمد   ",Dollar
3101,2022-04-18,1540,1,2022-04-18,0-H176, حویلی , مزارشریف: دشت شور   ," فروش | 36,000$ با جور آمد   ",Dollar
3080,2022-04-18,1566,2,2022-05-08,0-H90, حویلی , مزارشریف: چغدک   ," فروش | 28,000$ با جور آمد   ",Dollar
3078,2022-04-17,1537,0,2022-04-17,0-K112, زمین , مزارشریف: چوک محب , فروش | 850$ فی متر   ,Dollar
3072,2022-04-17,1542,0,2022-11-12,0-K113, زمین , مزارشریف: چغدک , فروش | 80$ فی متر   ,Dollar
3070,2022-04-17,1542,0,2022-11-12,0-H57, حویلی , مزارشریف: بخدی 2   ," فروش | 84,000$ با جور آمد   ",Dollar
3068,2022-04-16,1525,0,2022-04-23,0-H49, حویلی , مزارشریف: دشت شور   ," فروش | 34,000$ با جور آمد   ",Dollar
3064,2022-04-16,1510,2,2022-11-12,0-H126, حویلی , مزارشریف:شهرک خالد   ," فروش | 32,000$ با جور آمد   ",Dollar
3055,2022-04-15,1562,1,2022-04-15,0-H44, حویلی , مزارشریف: نوشاد چهارم   ," فروش  | 16,000& با جور آمد   ",Dollar
3053,2022-04-15,1559,0,2022-11-12,0-H40, حویلی , مزارشریف: پروژه اس   ," فروش  | 23,000$ با جور آمد   ",Dollar
3051,2022-04-15,1519,0,2022-04-17,0-K101, زمین , مزارشریف: گذر تومن , فروش | 320$ فی متر   ,Dollar
3045,2022-04-14,1620,0,2022-04-14,0-K111, زمین , مزارشریف: بابه یادگار , فروش | 80$ فی متر   ,Dollar
3043,2022-04-13,1662,0,,0-S8, سرایی , مزارشریف: کارته بخدی   , فروش  | 120$ فی متر   ,Dollar
3041,2022-04-13,1666,0,2022-04-13,0-H38, حویلی , مزارشریف: دشت شور   ," فروش  | 80,000$ با جور آمد   ",Dollar
3035,2022-04-12,1682,1,2022-04-12,0-H218, حویلی , مزارشریف: کوچه قابله پروین   ," فروش  | 380,000$ با جور آمد   ",Dollar
3025,2022-04-12,1668,0,2022-11-12,0-HG44, حویلی , مزارشریف:چوک‌فردوسی   ," گروی  | 10,000$ با جور آمد   ",Dollar
3018,2022-04-12,1628,0,2022-04-12,0-H31, حویلی , مزارشریف:چوک سلیم شهید  ," فروش | 14,000$ با جور آمد   ",Dollar
3016,2022-04-11,1568,0,2022-04-11,0-BG12, بلاک , مزارشریف: زراعت , گروی | 15000$ با جور آمد   ,Dollar
3009,2022-04-11,1561,1,2022-04-11,0-H29, حویلی , مزارشریف:کارته ایشانی  ," فروش | 25,000$ با جور آمد   ",Dollar
3007,2022-04-11,1556,0,2022-04-11,0-K110, زمین , مزارشریف: شهرک خالد , فروش | 28$ فی متر   ,Dollar
3005,2022-04-10,1561,1,2022-04-10,0-H28, حویلی , مزارشریف: شهرک خالد  ," فروش | 48,000$ با جور آمد   ",Dollar
3000,2022-04-10,1570,0,2022-04-10,0-K109, زمین , مزارشریف:قلعه غازی نساجی , فروش | 180$ فی متر   ,Dollar
2998,2022-04-09,1628,0,2022-04-09,0-H3, حویلی , مزارشریف: امپراطوری باران  ," فروش | 90,000$ با جور آمد   ",Dollar
2996,2022-04-08,1617,0,2022-04-08,0-K108, زمین , مزارشریف: شهرک خالد ," فروش | 16,500$ با جور آمد   ",Dollar
2994,2022-04-07,1659,0,2022-04-07,0-K96, زمین , مزارشریف: گذر پخته فروشان , فروش | 240$ فر متر,Dollar
2992,2022-04-06,1725,0,2022-11-12,0-H180, حویلی , مزارشریف: نوآباد  ," فروش | 32,000$ با جور آمد   ",Dollar
2985,2022-04-06,1705,0,2022-04-06,0-H163, حویلی , مزارشریف: شهرک خالد  ," فروش | 38,000 با جور آمد   ",Dollar
2975,2022-04-05,1731,0,2022-04-05,0-H182, حویلی , مزارشریف: بخدی 2‌  ," فروش | 125,000$ با جور آمد",Dollar
2967,2022-04-04,1714,0,2022-04-06,0-H217, حویلی , مزارشریف: کابل فلز‌  , فروش | 350$ فی متر,Dollar
2965,2022-04-04,1732,2,2022-04-04,0-K107, زمین , مزارشریف: کوچه سیاه گرد ," فروش | 55,000 با جور آمد   ",Dollar
2963,2022-04-03,1765,0,2022-04-07,0-BG11, بلاک , مزارشریف: کارته آریانا ," گروی | 15,000$ با جور آمد   ",Dollar
2954,2022-04-03,1711,0,2022-04-05,0-H145, حویلی , مزارشریف: چوک شمع‌  ," فروش | 23,000$ با جور آمد   ",Dollar
2947,2022-04-02,1694,0,2022-04-03,0-H216, حویلی , مزارشریف: دشت شور‌  ," فروش | 13,000$ با جور آمد   ",Dollar
2940,2022-04-01,1729,1,2022-04-01,0-k106, زمین , مزارشریف: کارته ظهرالدین ‌  ," فروش | 45,000$ با جور آمد   ",Dollar
2938,2022-03-31,1721,0,2022-04-01,0-H215, حویلی , مزارشریف: چوک نور‌  ," فروش | 55,000$ با جور آمد   ",Dollar
2930,2022-03-30,1718,1,2022-03-30,0-k105, زمین , مزارشریف: شهرک خال‌  , فروش |380$ فی متر 0$   ,Dollar
2928,2022-03-30,1726,0,2022-04-02,0-H214, حویلی , مزارشریف: شهرک خال‌  ," فروش | 90,000$ با جور آمد   ",Dollar
2918,2022-03-29,1699,0,2022-11-12,0-H213, حویلی ,  مزارشریف: شهرک خالد," فروش | 35,000$ با جور آمد   ",Dollar
2910,2022-03-29,1652,0,2022-11-12,0-BG10, بلاک , مزارشریف: کابل فلز  ," گروی | 15,000$ با جور آمد   ",Dollar
2904,2022-03-28,1637,0,2022-11-12,0-H212, حویلی , مزارشریف: دشت شور  ," فروش | 50,000 با جور آمد   ",Dollar
2894,2022-03-28,1591,0,2022-11-12,0-B32, بلاک , مزارشریف: شهرک خالد  ," فروش | 31,500$ با جور آمد   ",Dollar
2887,2022-03-27,1578,0,2022-03-27,0-H211, حویلی , مزارشریف: دشت شور  ," فروش | 70,000$ با جور آمد   ",Dollar
2881,2022-03-27,1580,0,2022-03-27,0-H158, حویلی ,  مزارشریف: شهرک خالد," فروش | 30,000$ با جور آمد   ",Dollar
2871,2022-03-26,1610,0,2022-03-26,0-H210, حویلی ,  مزارشریف: شهرک خالد," فروش | 99,000$ با جور آمد   ",Dollar
2869,2022-03-26,1678,4,2022-03-26,0-h144, حویلی , شهرک خالد: قسمت 2," فروش | 158,000$ با جور آمد   ",Dollar
2860,2022-03-25,1666,0,2022-03-26,0-K98, زمین , مزارشریف: گذر چغدک   , فروشی | 120$ فی متر   ,Dollar
2858,2022-03-24,1678,0,2022-11-12,0-h160, حویلی , مزارشریف: شهرک خالد  ," فروش | 33,000$ با جور آمد   ",Dollar
2848,2022-03-23,1635,1,2022-03-28,0-hg43, حویلی , مزارشریف: شهرک خالد  , گروی | 6 لک  با جور آمد   ,HT
2842,2022-03-23,1650,0,2022-05-06,0-H156, حویلی , مزارشریف: نور خدا  ," فروش | 23,000$ با جور آمد   ",Dollar
2832,2022-03-21,1677,1,2022-05-06,0-H162, حویلی , مزارشریف:کارته خراسان  ," فروش | 80,000$ با جور آمد   ",Dollar
2822,2022-03-21,1607,0,2022-03-21,0-H163, حویلی , مزارشریف: شهرک خالد  ," فروش | 38,000 با جور آمد   ",Dollar
2812,2022-03-20,1755,1,2022-03-20,0-GB5, بلاک  , مزارشریف: چوک فردوسی  ," گروی | 12,000$ با جور آمد   ",Dollar
2807,2022-03-19,1617,0,2022-03-25,0-DG1, دکان   , مزارشریف: خراسان مارکیت  ," گروی | 12,000$ با جور آمد   ",Dollar
2806,2022-03-19,1674,0,2022-11-12,0-GB9, بلاک  , مزارشریف: تخنیکم  ," گروی | 12,000$ با جور آمد   ",Dollar
2797,2022-03-18,1708,1,2022-11-12,0-h187, حویلی , مزارشریف: شهرک خالد  ," فروش | 40,000$ با جور آمد   ",Dollar
2790,2022-03-17,1662,0,2022-03-17,0-h209, حویلی , مزارشریف: سرک چهل متره آشیانه," فروش |  315,000$ با جور آمد   ",Dollar
2780,2022-03-17,1615,1,2022-11-12,0-h206, حویلی , مزارشریف: شهرک خالد," فروش | 50,000$ با جور آمد   ",Dollar
2770,2022-03-16,1614,0,2022-03-16,0-h208, حویلی , مزارشریف: نوبهار," فروش | 155,000$ با جور آمد   ",Dollar
2760,2022-03-16,1586,1,2022-03-16,0-S7, گدام , مزارشریف: چوک نور    ," فروشی | 75,000$ با جور آمد   ",Dollar
2754,2022-03-15,1569,0,2022-03-16,0-h207, حویلی , شهرک خالد," فروش | 100,000$ با جور آمد   ",Dollar
2744,2022-03-15,1558,0,2022-11-12,0-hg42, حویلی گروی , مزارشریف:کارته عدالت  ," گروی | 15,000$ با جور آمد   ",Dollar
2741,2022-03-14,1578,0,2022-11-12,0-S6, سرایی , مزارشریف: شهرک آزادی   ," فروشی | 60,000 با جور آمد   ",Dollar
2731,2022-03-14,1590,3,2022-03-14,0-h205, حویلی , مزارشریف: نور خدا  ," فروش | 8,000$ با جور آمد   ",Dollar
2725,2022-03-13,1594,0,2022-03-13,0-d5, دکان , مزارشریف: سرک محقق  ," فروش | 50,000$ با جور آمد   ",Dollar
2719,2022-03-13,1589,1,2022-03-13,0-h186, حویلی , مزارشریف: کارته آریانا  ," فروش | 50,000$ با جور آمد   ",Dollar
2713,2022-03-12,1629,2,2022-03-13,0-h191, حویلی ,مزارشریف: دشت شور ," فروشی | 60,000$ با جور آمد   ",Dollar
2705,2022-03-12,1535,0,2022-03-12,0-b31,  بلاک منزل اول, شهرک خالد," فروش | 22,500$ با جور آمد   ",Dollar
2698,2022-03-11,1556,0,2022-03-12,0-b28, بلاک , جوار تفاوصات," فروش | 45,000$ با جور آمد   ",Dollar
2688,2022-03-11,1587,0,2022-03-26,0-b29, بلاک داری ۶ منزل," کارته آریانا , لب سرک قیر"," فروش | 295,000$ با جور آمد   ",Dollar
2678,2022-03-10,1606,0,2022-03-10,0-h189, حویلی , شهرک خالد ," فروش | 78,000$ با جور آمد   ",Dollar
2668,2022-03-09,1615,0,2022-06-25,0-k55, زمین , مزارشریف: گذر چغدک   , فروشی | 95$ فی متر   ,Dollar
2666,2022-03-09,1626,2,2022-03-09,0-h137, حویلی , مزارشریف: شهرک خالد  ," فروش | 65,000$ با جور آمد   ",Dollar
2656,2022-03-08,1648,1,2022-03-08,0-k104, زمین راسته , مزارشریف: نرسیده به کمر بند کهنه  , فروشی | 110$ فی متر   ,Dollar
2654,2022-03-08,1627,0,2022-03-08,0-h204, حویلی , شهرک خالد," فروش | 30,000$ با جور آمد   ",Dollar
2644,2022-03-07,1579,0,2022-03-08,0-h149, حویلی , مزارشریف: کارته خراسان," فروشی | 145,000$ با جور آمد   ",Dollar
2634,2022-03-07,1585,1,2022-03-08,0-h203, حویلی , شهرک خالد," فروش | 55,000$ با جور آمد   ",Dollar
2624,2022-03-06,1557,0,2022-03-08,0-k103, زمین , مزارشریف: گذر حیات   , فروشی | 90$ فی متر   ,Dollar
2622,2022-03-06,1578,0,2022-11-12,0-h151, حویلی , مزارشریف: کارته خراسان," فروش | 70,000$ با جور آمد   ",Dollar
2612,2022-03-05,1516,1,2022-11-12,0-h202, حویلی , شهرک خالد," فروش | 25,000$ با جور آمد   ",Dollar
2602,2022-03-05,1547,0,2022-03-16,0-h159, حویلی , شهرک خالد: قسمت 1," فروش | 38,000$ با جور آمد   ",Dollar
2592,2022-03-04,1562,0,2022-03-09,0-h147, حویلی , مزارشریف: شهرک خالد  ," فروشی | 40,000$ با جور آمد   ",Dollar
2582,2022-03-04,1556,1,2022-03-11,0-k102, لب سرک قیر زمین , مزارشریف:کوچه قابله پروین   , فروشی | 450$ فی متر   ,Dollar
2580,2022-03-03,1551,0,2022-11-12,0-h201, حویلی , مزارشریف: کارته بخدی  ," فروش | 70,000$ با جور آمد   ",Dollar
2572,2022-03-03,1569,0,2022-11-12,0-h152, حویلی , مزارشریف: شهرک خالد  ," فروشی | 65,000$ با جور آمد   ",Dollar
2564,2022-03-02,1532,2,2022-03-17,0-h200, حویلی , مزارشریف: گذر چغدک ," فروش | 90,000$ با جور آمد   ",Dollar
2554,2022-03-02,1541,1,2022-11-12,0-S5, سرایی , مزارشریف: نزدیک به عده شبرغان  , فروشی | 250$ فی متر   ,Dollar
2551,2022-03-02,1517,0,2022-11-12,0-h193, حویلی , مزارشریف: شهرک خالد  ," فروشی | 25,000$ با جور آمد   ",Dollar
2543,2022-03-01,1539,0,2022-03-23,0-k101, زمین , مزارشریف: گذر تومن  , فروشی | 400$ فی متر   ,Dollar
2530,2022-02-28,1579,1,2022-03-18,0-h199, حویلی , مزارشریف: کارته سینا ," فروش | 135,000$ با جور آمد   ",Dollar
2520,2022-02-28,1584,1,2022-05-31,0-h177, حویلی , مزارشریف: شورتاکزار  ," فروش | 90,000$ با جور آمد   ",Dollar
2512,2022-02-27,1558,0,2022-11-12,0-h197, حویلی , مزارشریف: کارته آریانا ام لبلاد   ," فروشی | 165,000$ با جور آمد   ",Dollar
2502,2022-02-27,1578,0,2022-06-12,0-k92, زمین , مزارشریف: جوار سلطان راضیه , فروشی | 180$ فی متر   ,Dollar
2494,2022-02-26,1580,0,2022-11-12,0-h197, حویلی , مزارشریف: شهرک خالد  ," فروشی | 110,000$ با جور آمد   ",Dollar
2492,2022-02-26,1609,2,2022-11-12,0-k81, زمین , مزارشریف: دشت شور, فروشی | 180$ فی متر   ,Dollar
2489,2022-02-25,1619,0,2022-11-12,0-h149, حویلی , مزارشریف: کارته خراسان," فروشی | 145,000$ با جور آمد   ",Dollar
2472,2022-02-24,1643,0,2022-02-24,0-B26, بلاك , مزارشریف: شرشره, فروشی | 195000$ با جور آمد   ,Dollar
2465,2022-02-23,1692,1,2022-02-23,0-h173, حویلی , مزارشریف: شهرک خالد  ," فروشی | 110,000$ با جور آمد   ",Dollar
2455,2022-02-23,1698,2,2022-03-29,0-k65, زمین , مزارشریف: گذر چغدک  , فروشی | 95$ فی متر   ,Dollar
2443,2022-02-22,1677,0,2022-02-22,0-b24, بلاک فرمایشی , مزارشریف: سید آباد   ," فروشی | 40,000$ با جور آمد   ",Dollar
2434,2022-02-21,1649,1,2022-05-07,0-h171, حویلی , مزارشریف: شهرک خالد  ," فروشی | 90,000$ با جور آمد   ",Dollar
2424,2022-02-21,1648,0,2022-02-21,0-h194, حویلی , مزارشریف: شهرک خالد  ," فروشی | 55,000$ با جور آمد   ",Dollar
2414,2022-02-20,1678,2,2022-03-11,0-h167, حویلی , مزارشریف: نوآباد ," فروشی | 36,000$ با جور آمد   ",Dollar
2404,2022-02-19,1661,0,2022-06-04,0-h165, حویلی , مزارشریف: پُل هوایی, فروش | 650$ فی متر    ,Dollar
2395,2022-02-19,1610,0,2022-02-19,0-BG9, بلاک , مزارشریف: تخنیکم ," گروی | 12,000$ با جور آمد   ",Dollar
2384,2022-02-18,1647,0,2022-02-18,0-h192, حویلی , شهرک خالد ," فروش | 38,000$ با جور آمد   ",Dollar
2375,2022-02-18,1612,0,2022-02-18,0-k100, زمین , شهرک خالد , فروش | 60$ فی متر    ,Dollar
2362,2022-02-17,1553,0,2022-02-17,0-h191, حویلی ,مزارشریف: دشت شور ," فروشی | 60,000$ با جور آمد   ",Dollar
2355,2022-02-16,1603,1,2022-02-16,0-h190, حویلی , شهرک خالد ," فروش | 98,000$ با جور آمد   ",Dollar
2345,2022-02-16,1574,0,2022-03-23,0-hg41, حویلی ,مزارشریف: کوچه لپیکو ," گروی | 15,000$ با جور آمد   ",Dollar
2337,2022-02-15,1568,0,2022-02-15,0-h189, حویلی , شهرک خالد ," فروش | 85,000$ با جور آمد   ",Dollar
2326,2022-02-14,1652,0,2022-02-14,0-h188, حویلی , مزارشریف: شهرک خالد ," فروش | 150,000$ با جور آمد   ",Dollar
2316,2022-02-14,1690,0,2022-03-20,0-h144, حویلی , شهرک خالد: قسمت 2," فروش | 190,000$ با جور آمد   ",Dollar
2307,2022-02-13,1659,2,2022-02-13,0-h109, حویلی , شهرک خالد: قسمت 3," فروش | 25,000$ با جور آمد   ",Dollar
2299,2022-02-13,1666,2,2022-02-13,0-k76, زمین , بلخ : خاصه پز, فروش | فی جریب 4 لک   ,HT
2283,2022-02-12,1562,0,2022-02-12,0-h81, حویلی , شهرک خالد: قسمت 3," فروش | 65,000$ با جور آمد   ",Dollar
2275,2022-02-11,1562,0,2022-02-11,0-h167, حویلی , مزارشریف: نوآباد," فروش | 37,000$ با جور آمد   ",Dollar
2265,2022-02-11,1609,0,2022-03-24,0-h159, حویلی , شهرک خالد: قسمت 1," فروش | 45,000$ با جور آمد   ",Dollar
2254,2022-02-10,1571,0,2022-04-11,0-h61, حویلی , مزارشریف: چوک شمع," فروش | 30,000$ با جور آمد   ",Dollar
2246,2022-02-09,1645,1,2022-02-09,0-h38, حویلی , مزارشریف: دشت شور," فروش | 30,000$ با جور آمد   ",Dollar
2239,2022-02-09,1609,0,2022-02-09,0-h41, حویلی , مزارشریف: بابه یادگار," فروش | 150,000$ با جور آمد   ",Dollar
2233,2022-02-08,1658,1,2022-02-08,0-h72, حویلی , مزارشریف: شهرک خالد," فروش | 80,000$ با جور آمد   ",Dollar
2227,2022-02-08,1653,0,2022-02-08,0-h8, حویلی , مزارشریف: ظهرالدین فاریابی," فروش | 80,000$ با جور آمد   ",Dollar
2221,2022-02-07,1680,2,2022-07-28,0-h6, حویلی , مزارشریف: ظهرالدین فاریابی, فروش | فی متر 150$ با جور آمد   ,Dollar
2212,2022-02-07,1645,0,2022-02-07,0-h146, حویلی , مزارشریف: دشت شور," فروش | 40,000$ با جور آمد   ",Dollar
2204,2022-02-06,1643,1,2022-04-24,0-h137, حویلی , مزارشریف: شهرک خالد  ," فروش | 65,000$ با جور آمد   ",Dollar
2194,2022-02-06,1670,0,2022-02-06,0-K99, زمین , بلخ: ولسوالی دهدادی , فروش | فی متر $34   ,Dollar
2190,2022-02-05,1715,0,2022-02-05,0-h187, حویلی , مزارشریف: شهرک خالد  ," فروش | 40,000$ با جور آمد   ",Dollar
2181,2022-02-05,1660,2,2022-05-04,0-h186, حویلی , مزارشریف: کارته آریانا  ," فروش | 50,000$ با جور آمد   ",Dollar
2176,2022-02-04,1646,0,2022-05-28,0-h184, حویلی , مزارشریف: شهرک خالد  ," فروش | 48,000$ با جور آمد   ",Dollar
2174,2022-02-04,1666,0,2022-02-04,0-h113, حویلی , مزارشریف: شهرک خالد  ," فروش | 37,000$ با جور آمد   ",Dollar
2164,2022-02-03,1648,0,2022-02-03,0-K98, زمین , مزارشریف: گذر چغدک  , فروش | فی متر $125   ,Dollar
2162,2022-02-03,1650,1,2022-02-03,0-h185, حویلی , مزارشریف: شهرک خالد  ," فروش | 65,000$ با جور آمد   ",Dollar
2153,2022-02-03,1631,0,2022-02-03,#0-h177, حویلی , مزارشریف: شورتاکزار  ," فروش | 95,000$ با جور آمد   ",Dollar
2145,2022-02-02,1688,3,2022-02-02,0-H181 ,  حویلی , مزارشریف: چوک کامگار," فروش | 165,000$ با جور آمد   ",Dollar
2143,2022-02-02,1719,0,2022-02-02,0-H177 ,  حویلی , مزارشریف: شورتاکزار," فروش | 95,000$ با جور آمد   ",Dollar
2134,2022-02-01,1651,0,2022-02-01,0-H184 ,  حویلی , مزارشریف: شهرک خالد ," فروش | 40,000$ با جور آمد   ",Dollar
2125,2022-02-01,1601,0,2022-02-01,0-K83 ,, ، مزارشریف ، نو آباد," فروش | 28,000$ با جور آمد   ",Dollar
2124,2022-01-31,1635,0,2022-09-30,0-H142 ,,," قیمت فروش (36,000$) ",Dollar
2104,2022-01-30,1664,0,2022-01-30,0-H135 ,, مزارشریف ، کمر بند سیاگرد," فروش | 23,000$ با جور آمد   ",Dollar
2053,2022-01-25,1582,0,2022-03-14,0-H29 ,, مزارشریف ، کارته ایشانی, فروش | فی متر 65$ با جور آمد   ,Dollar
2049,2022-01-25,1555,1,2022-06-02,0-K92 ,, بلخ ، جوار سلطان راضيه, فروش | فی متر 180$ با جور آمد   ,Dollar
2025,2022-01-23,1666,0,2022-08-06, 0-h182,, مزارشریف ، نزدیک مکتب رهنورد," فروش | 120,000$ با جور آمد   ",Dollar
2016,2022-01-23,1614,0,2022-05-28,0-B24 ,, مزارشریف ، سید آباد," فروش | 55,000$ با جور آمد   ",Dollar
2004,2022-01-21,1623,0,2022-01-21,0-K83 ,, ، مزارشریف ، نو آباد," فروش | 28,000$ با جور آمد   ",Dollar
2002,2022-01-21,1621,0,2022-01-21,0-K13 ,, مزارشریف ، کمر بند سابقه, فروش | 24$ فی متر  ,Dollar
2000,2022-01-20,1591,1,2022-01-20,0-H143 ,, شهرک خالد ، قسمت دوم  ," فروش | 75,000$ با جور آمد   ",Dollar
1989,2022-01-20,1592,0,2022-01-20,0-H178 ,, شهرک خالد ، قسمت 1  ," فروش | 195,000$ با جور آمد   ",Dollar
1980,2022-01-19,1655,1,2022-01-20,0-H181 ,,  مزارشریف ، پُل تصدی  ," فروش | 165,000$ با جور آمد   ",Dollar
1969,2022-01-19,1563,1,2022-01-19,0-H177 ,,  مزارشریف ، گذر شورتاکزار ," فروش | 90,000$ با جور آمد   ",Dollar
1965,2022-01-18,1532,1,2022-01-18,0-H179 ,,  مزارشریف ، زراعت نو آباد  ," فروش | 18,000$ با جور آمد   ",Dollar
1957,2022-01-18,1508,0,2022-01-18,0-K89 ,,  شهرک خالد ، قسمت 2," فروش | 9,000$ با جور آمد   ",Dollar
1955,2022-01-17,1535,0,2022-01-17,0-H176 ,, ، مزارشریف ، چوک نور ," فروش | 115,000$ با جور آمد   ",Dollar
1952,2022-01-17,1622,1,2022-01-17,0-BG6 ,, ، مزارشریف ، شهرک خالد ، قسمت 2 ," گروی | 40,000$ با جور آمد   ",Dollar
1941,2022-01-16,1612,0,2022-01-16,0-H160 ,,  شهرک خالد ، قسمت 3," فروش | 32,500$ با جور آمد   ",Dollar
1932,2022-01-16,1601,1,2022-01-16,0-K88 ,, ، مزارشریف شهرک خالد قسمت 2 ," فروش | 8,000$ با جور آمد   ",Dollar
1930,2022-01-15,1541,0,2022-01-15,0-H175 ,, ، مزارشریف  کارته آریانا ," فروش | 90,000$ با جور آمد   ",Dollar
1924,2022-01-15,1518,0,2022-01-15,0-H29 ,, ، مزارشریف  کارته ایشانی ," فروش | 29,000$ با جور آمد   ",Dollar
1922,2022-01-14,1517,0,2022-01-14,0-H149 ,, ، مزارشریف کارته خراسان ," فروش | 130,000$ با جور آمد   ",Dollar
1911,2022-01-13,1508,0,2022-01-13,0-B23 ,, ، مزارشریف گذر چغدک ," فروش | 28,000$ با جور آمد   ",Dollar
1904,2022-01-13,1467,0,2022-01-13,0-K87 ,, ، مزارشریف کارته ابن سینا , فروش | فی متر $60   ,Dollar
1897,2022-01-12,1509,0,2022-01-12,0-H156 ,, ، مزارشریف ، نور خدا," فروش | 21,000$ با جور آمد   ",Dollar
1886,2022-01-12,1446,2,2022-01-20,0-H152 ,, ، مزارشریف ، چوک محب," فروش | 65,000$ با جور آمد   ",Dollar
1884,2022-01-11,1457,1,2022-01-11,0-H167 ,, ، مزارشریف ،  نوآباد," فروش | 35,000$ با جور آمد   ",Dollar
1873,2022-01-11,1433,0,2022-01-11,0-H152 ,, ، مزارشریف ، شهرک خالد," فروش | 65,000$ با جور آمد   ",Dollar
1865,2022-01-10,1452,0,2022-01-10,0-H174 ,, ، مزارشریف، شهرک خالد ," فروش |100,000$ با جور آمد",Dollar
1854,2022-01-10,1403,1,2022-01-10,0-H173 ,, ، مزارشریف، شهرک خالد ," فروش |115,000$ با جور آمد",Dollar
1843,2022-01-09,1374,2,2022-01-09,0-H49 ,, ، مزارشریف ، دشت شور کوچه 9," فروش |35,750$ با جور آمد",Dollar
1841,2022-01-09,1407,0,2022-01-09,0-H172 ,, ، مزارشریف ، شهرک خالد‌ قسمت 3," فروش | 18,500$ با جور آمد",Dollar
1838,2022-01-08,1404,0,2022-01-08,0-H171 ,, ، مزارشریف ، شهرک خالد‌," فروش | 55,000$ با جور آمد   ",Dollar
1827,2022-01-08,1355,1,2022-01-08,0-GH39 ,, ، مزارشریف ، شهرک خالد‌," گروی | 10,000$ با جور آمد   ",Dollar
1816,2022-01-07,1416,1,2022-01-07,1-K1,, کابل : بگرامی , قیمت گروی  (18 لک افغانی ) ,HT
1814,2022-01-07,1426,3,2022-01-07,0-H170 ,, ، مزارشریف ، شهرک خالد‌," فروش | 22,000$ با جور آمد   ",Dollar
1812,2022-01-06,1431,0,2022-01-06,0-H88 ,, ، مزارشریف ، شهرک خالد‌," فروش | 60,000$ با جور آمد   ",Dollar
1802,2022-01-06,1426,0,2022-01-06,0-K26 ,حویلی, ، مزارشریف ، شهرک خالد‌," فروش | 65,000) با جور آمد   ",Dollar
1796,2022-01-05,1434,0,2022-01-05,0-H106 ,, مزارشریف ، کوچه آهنگری  ," فروش | 145,000$ با جور آمد   ",Dollar
1786,2022-01-05,1425,0,2022-01-05,1-DG1 ,,, قیمت گروی  (3 نیم لک افغانی ) ,HT
1784,2022-01-04,1434,0,2022-01-04,0-H48 ,, ، بلخ ، دهدای ," فروش | 75,000$ با جور آمد   ",Dollar
1773,2022-01-04,1402,1,2022-01-04,0-H169 ,, ، مزارشریف ، شهرک خالد," فروش | 18,000$ با جور آمد   ",Dollar
1766,2022-01-03,1417,0,2022-01-03,0-H152 ,,  ، شهرک خالد ، قسمت اول," فروش | 65,000$ با جور آمد   ",Dollar
1759,2022-01-02,1465,1,2022-01-02,0-H168 ,, ، مزارشریف ، نوشاد چهارم," فروش | 11,500$ با جور آمد   ",Dollar
1757,2022-01-01,1528,1,2022-01-01,0-H151 ,, ، مزارشریف ، کارته خراسان," فروش | 70,000$ با جور آمد   ",Dollar
1748,2022-01-01,1510,0,2022-01-01,0-K49 ,, ، مزارشریف ، پروژه اس," فروش | 40,500$ با جور آمد   ",Dollar
1740,2021-12-31,1574,2,2021-12-31,0-H19 ,, ، مزارشریف ، چهاراهی محب," فروش | 85,000$ با جور آمد   ",Dollar
1731,2021-12-30,1563,0,2021-12-30,0-BG5 ,, ، مزارشریف ، چهاراهی فردوسی," گروی | 12,000$ با جور آمد   ",Dollar
1724,2021-12-30,1484,0,2021-12-30,0-K83 ,, ، مزارشریف ، نو آباد," فروش | 28,000$ با جور آمد   ",Dollar
1722,2021-12-29,1493,0,2022-08-29,0-K85 ,, ، مزارشریف ، دهدادی, فروش | فی متر 12$ با جور آمد   ,Dollar
1713,2021-12-29,1502,0,2021-12-29,0-K82 ,, ، مزارشریف ،  خراسان," فروش | 36,000$ با جور آمد   ",Dollar
1705,2021-12-28,1455,1,2022-09-30,0-H167 ,, ، مزارشریف ،  نوآباد," فروش | 35,000$ با جور آمد   ",Dollar
1694,2021-12-28,1454,0,2021-12-28,0-K36 ,, ، مزارشریف ،  دشت شور," فروش | 12,000$ با جور آمد   ",Dollar
1692,2021-12-27,1473,0,2021-12-27,0-H76 ,, ، مزارشریف ،  دشت شور," فروش | 32,000$ با جور آمد   ",Dollar
1682,2021-12-27,1405,0,2021-12-27,0-HG8 ,, ، مزارشریف ، کارته ام البلات," گروی | 19,000$ با جور آمد   ",Dollar
1673,2021-12-26,1431,1,2021-12-26,0-H65 ,, ، مزارشریف ، شهرک خالد," فروش | 65,000$ با جور آمد   ",Dollar
1666,2021-12-26,1410,0,2021-12-26,1-DG1 ,,, قیمت گروی  (3 نیم لک افغانی ) ,HT
1664,2021-12-25,1440,1,2021-12-25,0-K21 ,, ، مزارشریف ، سرک چهل متره," فروش | 42,000$ با جور آمد   ",Dollar
1658,2021-12-24,1450,1,2022-03-30,0-HG29 ,, ، مزارشریف ، کارته صلح," گروی | 12,000$ با جور آمد   ",Dollar
1648,2021-12-24,1421,1,2022-03-13,0-H110 ,, ، مزارشریف ، سرک عمومی پُل هوایی," فروش | 15,000$ با جور آمد   ",Dollar
1639,2021-12-23,1398,1,2021-12-23,0-H165 ,, ، مزارشریف ، سرک عمومی پُل هوایی, فروش |فی متر 650$ با جور آمد   ,Dollar
1630,2021-12-23,1385,0,2021-12-23,0-H56 ,, ، مزارشریف ، چوک شمع," فروش | 26,000$ با جور آمد   ",Dollar
1624,2021-12-22,1399,1,2021-12-22,0-H56 ,, ، مزارشریف ، چوک شمع," فروش | 26,000$ با جور آمد   ",Dollar
1614,2021-12-22,1343,0,2021-12-22,0-H56 ,, ، مزارشریف ، سرک چهل متره," فروش | 27,000$ با جور آمد   ",Dollar
1609,2021-12-21,1332,0,2021-12-21,0-K81 ,, دشت شور سرک عمومی, فروش | فی متر 180$ با جور آمد   ,Dollar
1583,2021-12-20,1360,0,2021-12-20,0-H165 ,حویلی, ، مزارشریف ، شهرک خالد," فروش | 35,000 با جور آمد   ",Dollar
1581,2021-12-19,1336,1,2021-12-19,0-k80 ,, ، شهرک خالد قسمت اول ," فروش | 17,500$ با جور آمد   ",Dollar
1576,2021-12-19,1315,0,2021-12-19,0-B20 ,, ، شهرک خالد قسمت اول ," فروش | 35,000$ با جور آمد   ",Dollar
1566,2021-12-18,1259,0,2021-12-18,0-H162 ,, ، مزارشریف ، ‌کمر بند سیاه گرد, فروش | 25 لک افغانی با جور آمد   ,HT
1561,2021-12-18,1280,0,2021-12-18,0-H162 ,, ، مزارشریف ، ‌خراسان 4," فروش | 90,000$ با جور آمد   ",Dollar
1552,2021-12-17,1294,0,2022-07-12,0-HG37 ,, شهرک امیری ," گروی | 9,000$ با جور آمد   ",Dollar
1543,2021-12-17,1274,0,2021-12-17,0-BG4 ,, شهرک خالد ، قسمت‌ 3," گروی | 9,000$ با جور آمد   ",Dollar
1533,2021-12-16,1220,0,2021-12-16,0-HG36 ,, ، شهرک خالد ، قسمت‌ 2," گروی | 5,000$ با جور آمد   ",Dollar
1522,2021-12-16,1242,0,2021-12-16,0-H126 ,, ، شهرک خالد ، قسمت‌ 2," فروش | 35,000$ با جور آمد   ",Dollar
1515,2021-12-15,1304,1,2021-12-15,0-H125 ,, مزارشریف ، شهرک خالد ، سرک تالار," فروش | 135,000$ با جور آمد   ",Dollar
1512,2021-12-15,1264,0,2021-12-15,0-K13 ,, مزارشریف ، کمر بند سابقه, فروش | 24$ فی متر  ,Dollar
1507,2021-12-14,1223,0,2021-12-14,0-H159 ,, شهرک خالد ، قسمت اول, فروش | 45 لک افغانی  ,HT
1496,2021-12-14,1172,0,2021-12-14,0-H158 ,, شهرک خالد ، قسمت 3, فروش | 35 لک افغانی  ,HT
1485,2021-12-13,1182,1,2021-12-13,0-H158 ,, شهرک خالد ، قسمت دوم, فروش | 40 لک افغانی  ,HT
1477,2021-12-13,1148,1,2021-12-13,0-HG36 ,, دشت شور ، کوچه 5," فروش | 18,000$ ",Dollar
1470,2021-12-13,1109,0,2021-12-13,1-DG1 ,,  کابل - مکرویان سوم, قیمت گروی  (4  لک افغانی ) ,HT
1467,2021-12-12,1123,0,2021-12-12,0-HG36 ,,, قیمت (6 لک افغانی ) ,HT
1457,2021-12-12,1115,0,2021-12-12,0-HG38 ,,," قیمت گروی (10,000$) ",Dollar
1444,2021-12-11,1101,0,2021-12-11,0-H157 ,,," قیمت فروش (32,000$) ",Dollar
1437,2021-12-11,1056,1,2021-12-11,0-H156 ,,," قیمت فروش (23,000$) ",Dollar
1426,2021-12-11,1065,0,2021-12-11,0-K79 ,,, قیمت فی متر (180$) ,Dollar
1411,2021-12-10,1127,0,2021-12-10,0-K78 ,فروش عاجل با جور آمد ,قباله شرعی ," قیمت (30,000$) ",Dollar
1409,2021-12-09,1135,0,2021-12-09,0-HG36 ,گروی عاجل ,," قیمت گروی (6,000$) ",Dollar
1398,2021-12-08,1139,1,2021-12-08,0-K77 ,,, قیمت فی متر (220$) ,Dollar
1392,2021-12-08,1112,0,2021-12-08,0-B19 ,بلاک دو اتاقه,," قیمت فروش (18,500$) ",Dollar
1383,2021-12-08,1031,0,2021-12-08,0-H155 ,,," قیمت فروش (43,500$) ",Dollar
1368,2021-12-07,1011,0,2021-12-07,0-H154 ,با داشتن مهمان خانه جداگانه,," قیمت فروش (68,500$) ",Dollar
1350,2021-12-07,947,0,2021-12-07,0-D3 ,12 متر مساحت,," قیمت فروش (65,000$) ",Dollar
1344,2021-12-07,963,0,2021-12-07,0-K51 ,,," قیمت فروش (27,000$) ",Dollar
1336,2021-12-06,931,0,2021-12-06,0-H153 ,,," قیمت فروش (80,000$) ",Dollar
1330,2021-12-06,908,0,2021-12-06,0-H151 ,,," قیمت فروش (86,000$) ",Dollar
1319,2021-12-06,921,1,2021-12-06,0-H152 ,,," قیمت فروش (65,000$) ",Dollar
1295,2021-12-04,893,0,2021-12-04,0-HG29 ,,," قیمت گروی (14,000$) ",Dollar
1286,2021-12-04,919,0,2021-12-04,0-H41 ,,," قیمت فروش (140,000$) ",Dollar
1280,2021-12-03,992,0,2021-12-03,0-H136 ,,," قیمت فروش (25,000$) ",Dollar
1270,2021-12-02,965,0,2021-12-02,0-BG3 ,,," قیمت گروی (12,000$) ",Dollar
1259,2021-12-02,907,0,2021-12-02,0-H128 ,,," قیمت فروش (43,000$) ",Dollar
1250,2021-12-01,927,1,2021-12-01,0-H128 ,,," قیمت فروشی (43,000$) ",Dollar
1240,2021-12-01,941,0,2022-07-06,0-BG4 ,,," قیمت گروی (9,000$) ",Dollar
1233,2021-11-30,945,0,2022-04-13,0-150 ,,," قیمت فروش (120,000$) ",Dollar
1222,2021-11-30,899,1,2021-11-30,0-H143 ,,," قیمت فروش (78,000$) ",Dollar
1211,2021-11-30,867,1,2021-11-30,0-H133 ,,," قیمت فروش (45,000$) ",Dollar
1201,2021-11-29,886,0,2021-11-29,0-H109 ,,," قیمت فروش (27,000$) ",Dollar
1192,2021-11-29,861,0,2021-11-29,0-H90 ,,," قیمت فروش (30,000$) ",Dollar
1187,2021-11-29,849,0,2021-11-29,0-H49 ,,," قیمت فروش (43,000$) ",Dollar
1181,2021-11-28,817,0,2021-11-28,0-H31 ,,," قیمت فروش (15,000$) ",Dollar
1176,2021-11-28,801,0,2021-11-28,0-H122 ,,," قیمت فروش (45,000$) ",Dollar
1166,2021-11-28,855,0,2021-11-28,0-K76 ,,,"فی جریب (350,000) افغانی ",AF
1148,2021-11-27,841,1,2021-11-27,0-H68 ,,,"قیمت فروش  (95,000$)",Dollar
1136,2021-11-27,822,0,2022-05-26,0-GH37 ,,,"قیمت گروی  (10,000$)",Dollar